{
  "type": "FeatureCollection",
  "toic": {
    "profile": "toic-sites",
    "version": 1
  },
  "features": [
    {
      "type": "Feature",
      "geometry": {
        "type": "Point",
        "coordinates": [
          17.651833,
          43.12853
        ]
      },
      "properties": {
        "siteId": "CRNOBRDO-01",
        "name": "CRNOBRDO-01",
        "transmitters": [
          {
            "name": "BH Radio 1 - Crno Brdo",
            "frequencyMhz": 87.8,
            "organization": "BH Radio 1",
            "serviceType": "FM Broadcasting",
            "stationClass": "BC"
          },
          {
            "name": "Radio Capljina - Crno brdo",
            "frequencyMhz": 91.3,
            "organization": "Radio Čapljina",
            "serviceType": "FM Broadcasting",
            "stationClass": "BC"
          },
          {
            "name": "Radio FBiH - Crno brdo",
            "frequencyMhz": 89.1,
            "organization": "Radio Federacije BiH",
            "serviceType": "FM Broadcasting",
            "stationClass": "BC"
          },
          {
            "name": "RDV - Crno Brdo",
            "frequencyMhz": 106.3,
            "organization": "Radio Dobre Vibracije",
            "serviceType": "FM Broadcasting",
            "stationClass": "BC"
          },
          {
            "name": "RSG - Crno brdo",
            "frequencyMhz": 104.3,
            "organization": "Radio Stari Grad",
            "serviceType": "FM Broadcasting",
            "stationClass": "BC"
          },
          {
            "name": "Radio Grude - Crno brdo",
            "frequencyMhz": 90.9,
            "organization": "RB BEST - Radio Grude",
            "serviceType": "FM Broadcasting",
            "stationClass": "BC"
          },
          {
            "name": "OBN - Crno brdo",
            "frequencyMhz": 559.25,
            "organization": "OBN",
            "stationClass": "BT"
          },
          {
            "name": "Hercegovacka TV Mostar - Crno brdo",
            "frequencyMhz": 759.25,
            "organization": "Hercegovacka televizija Mostar",
            "stationClass": "BT"
          },
          {
            "name": "TV Oscar C - Crno brdo",
            "frequencyMhz": 775.25,
            "organization": "Radio HTV Oscar-C",
            "stationClass": "BT"
          },
          {
            "name": "TV FBiH - Crno brdo",
            "frequencyMhz": 567.25,
            "organization": "TV FBiH",
            "stationClass": "BT"
          },
          {
            "name": "BHT 1 - Crno brdo",
            "frequencyMhz": 217.25,
            "organization": "BHRT - BHT 1",
            "stationClass": "BT"
          }
        ]
      }
    },
    {
      "type": "Feature",
      "geometry": {
        "type": "Point",
        "coordinates": [
          17.831889,
          43.353806
        ]
      },
      "properties": {
        "siteId": "FORTICA-01",
        "name": "FORTICA-01",
        "transmitters": [
          {
            "name": "BH Radio 1 - Fortica",
            "frequencyMhz": 97.3,
            "organization": "BH Radio 1",
            "serviceType": "FM Broadcasting",
            "stationClass": "BC"
          },
          {
            "name": "Radio FBiH - Fortica",
            "frequencyMhz": 91.7,
            "organization": "Radio Federacije BiH",
            "serviceType": "FM Broadcasting",
            "stationClass": "BC"
          },
          {
            "name": "RSG - Fortica",
            "frequencyMhz": 104.3,
            "organization": "Radio Stari Grad",
            "serviceType": "FM Broadcasting",
            "stationClass": "BC"
          },
          {
            "name": "RTV Mostar - Fortica",
            "frequencyMhz": 97.9,
            "organization": "RTV Mostar",
            "serviceType": "FM Broadcasting",
            "stationClass": "BC"
          },
          {
            "name": "Studio 88 - Fortica",
            "frequencyMhz": 104.6,
            "organization": "Radio Studio 88",
            "serviceType": "FM Broadcasting",
            "stationClass": "BC"
          },
          {
            "name": "Kalman - Fortica",
            "frequencyMhz": 90,
            "organization": "Radio Kalman",
            "serviceType": "FM Broadcasting",
            "stationClass": "BC"
          },
          {
            "name": "Omladinski radio X - Fortica",
            "frequencyMhz": 88.6,
            "organization": "Omladinski Radio X",
            "serviceType": "FM Broadcasting",
            "stationClass": "BC"
          },
          {
            "name": "Otvorena mreza - Fortica",
            "frequencyMhz": 94,
            "organization": "Radio 'Otvorena mreza'",
            "serviceType": "FM Broadcasting",
            "stationClass": "BC"
          },
          {
            "name": "TV Mostar - Forica",
            "frequencyMhz": 543.25,
            "organization": "RTV Mostar",
            "stationClass": "BT"
          },
          {
            "name": "TV FBiH - Fortica",
            "frequencyMhz": 189.25,
            "organization": "TV FBiH",
            "stationClass": "BT"
          },
          {
            "name": "BHT 1 - Fortica",
            "frequencyMhz": 511.25,
            "organization": "BHRT - BHT 1",
            "stationClass": "BT"
          }
        ]
      }
    },
    {
      "type": "Feature",
      "geometry": {
        "type": "Point",
        "coordinates": [
          17.887472,
          43.250067
        ]
      },
      "properties": {
        "siteId": "MATERA-01",
        "name": "MATERA-01",
        "transmitters": [
          {
            "name": "BH Radio 1 - Matera",
            "frequencyMhz": 99.5,
            "organization": "BH Radio 1",
            "serviceType": "FM Broadcasting",
            "stationClass": "BC"
          },
          {
            "name": "RTV Mostar - Matera",
            "frequencyMhz": 96.6,
            "organization": "RTV Mostar",
            "serviceType": "FM Broadcasting",
            "stationClass": "BC"
          }
        ]
      }
    },
    {
      "type": "Feature",
      "geometry": {
        "type": "Point",
        "coordinates": [
          18.341083,
          42.747583
        ]
      },
      "properties": {
        "siteId": "LEOTAR-01",
        "name": "LEOTAR-01",
        "transmitters": [
          {
            "name": "BH Radio 1 - Leotar",
            "frequencyMhz": 94.1,
            "organization": "BH Radio 1",
            "serviceType": "FM Broadcasting",
            "stationClass": "BC"
          },
          {
            "name": "Radio Bobar - Leotar",
            "frequencyMhz": 105.5,
            "organization": "Radio Bobar",
            "serviceType": "FM Broadcasting",
            "stationClass": "BC"
          },
          {
            "name": "Radio Korona - Leotar",
            "frequencyMhz": 97.7,
            "organization": "Otvoreni nezavisni radio Korona",
            "serviceType": "FM Broadcasting",
            "stationClass": "BC"
          },
          {
            "name": "Radio RS - Leotar",
            "frequencyMhz": 92.8,
            "organization": "Radio RS",
            "serviceType": "FM Broadcasting",
            "stationClass": "BC"
          },
          {
            "name": "Radio Trebinje - Leotar",
            "frequencyMhz": 95.9,
            "organization": "Radio Trebinje",
            "serviceType": "FM Broadcasting",
            "stationClass": "BC"
          },
          {
            "name": "TV Herceg - Leotar",
            "frequencyMhz": 735.25,
            "organization": "TV Herceg",
            "stationClass": "BT"
          },
          {
            "name": "TV Pink - Leotar",
            "frequencyMhz": 719.25,
            "organization": "Pink BH Company-Radio",
            "stationClass": "BT"
          },
          {
            "name": "Televizija RS - Leotar",
            "frequencyMhz": 210.25,
            "organization": "RTRS - Televizija RS",
            "stationClass": "BT"
          },
          {
            "name": "BHT 1 - Leotar",
            "frequencyMhz": 599.25,
            "organization": "BHRT - BHT 1",
            "stationClass": "BT"
          }
        ]
      }
    },
    {
      "type": "Feature",
      "geometry": {
        "type": "Point",
        "coordinates": [
          17.636056,
          44.293944
        ]
      },
      "properties": {
        "siteId": "VLASIC-01",
        "name": "VLASIC-01",
        "transmitters": [
          {
            "name": "BH Radio 1 - Vlasic",
            "frequencyMhz": 97,
            "organization": "BH Radio 1",
            "serviceType": "FM Broadcasting",
            "stationClass": "BC"
          },
          {
            "name": "Radio FBiH - Vlasic",
            "frequencyMhz": 89.3,
            "organization": "Radio Federacije BiH",
            "serviceType": "FM Broadcasting",
            "stationClass": "BC"
          },
          {
            "name": "Radio Bobar - Vlasic",
            "frequencyMhz": 104.7,
            "organization": "Radio Bobar",
            "serviceType": "FM Broadcasting",
            "stationClass": "BC"
          },
          {
            "name": "TV FBiH - Vlasic",
            "frequencyMhz": 535.25,
            "organization": "TV FBiH",
            "stationClass": "BT"
          },
          {
            "name": "BHT 1 - Vlasic",
            "frequencyMhz": 217.25,
            "organization": "BHRT - BHT 1",
            "stationClass": "BT"
          }
        ]
      }
    },
    {
      "type": "Feature",
      "geometry": {
        "type": "Point",
        "coordinates": [
          18.022917,
          43.100039
        ]
      },
      "properties": {
        "siteId": "HRGUD-01",
        "name": "HRGUD-01",
        "transmitters": [
          {
            "name": "Radio Bobar - V.Paric-Hrgud",
            "frequencyMhz": 105.9,
            "organization": "Radio Bobar",
            "serviceType": "FM Broadcasting",
            "stationClass": "BC"
          },
          {
            "name": "Radio postaja Mostar - Hrgud",
            "frequencyMhz": 90.5,
            "organization": "Radio postaja Mostar",
            "serviceType": "FM Broadcasting",
            "stationClass": "BC"
          }
        ]
      }
    },
    {
      "type": "Feature",
      "geometry": {
        "type": "Point",
        "coordinates": [
          17.831889,
          43.350381
        ]
      },
      "properties": {
        "siteId": "BOROJEV-01",
        "name": "BOROJEV-01",
        "transmitters": [
          {
            "name": "RTV Herceg Bosna - Borojevici",
            "frequencyMhz": 103.6,
            "organization": "RTV Herceg Bosna",
            "serviceType": "FM Broadcasting",
            "stationClass": "BC"
          },
          {
            "name": "Studio 88 - Borojevići",
            "frequencyMhz": 95.8,
            "organization": "Radio Studio 88",
            "serviceType": "FM Broadcasting",
            "stationClass": "BC"
          },
          {
            "name": "Valentino - Borojevici",
            "frequencyMhz": 102.9,
            "organization": "Obiteljski radio Valentino",
            "serviceType": "FM Broadcasting",
            "stationClass": "BC"
          },
          {
            "name": "RTV Mostar - Borojevici",
            "frequencyMhz": 92.1,
            "organization": "RTV Mostar",
            "serviceType": "FM Broadcasting",
            "stationClass": "BC"
          }
        ]
      }
    },
    {
      "type": "Feature",
      "geometry": {
        "type": "Point",
        "coordinates": [
          17.052944,
          43.343444
        ]
      },
      "properties": {
        "siteId": "SVETIJURE-01",
        "name": "SVETIJURE-01",
        "transmitters": [
          {
            "name": "RTV Herceg Bosna - Sv. Jure Biokovo",
            "frequencyMhz": 103.9,
            "organization": "RTV Herceg Bosna",
            "serviceType": "FM Broadcasting",
            "stationClass": "BC"
          },
          {
            "name": "Hrv. Katolički Radio -Sveti Jure Biokovo",
            "frequencyMhz": 107.9,
            "organization": "Hrvatski Katolički Radio",
            "serviceType": "FM Broadcasting",
            "stationClass": "BC"
          },
          {
            "name": "MIR Medjugorje - Biokovo-Sv. Jure",
            "frequencyMhz": 101.5,
            "organization": "Radio postaja MIR Međugorje",
            "serviceType": "FM Broadcasting",
            "stationClass": "BC"
          },
          {
            "name": "HR2 - Sveti Jure",
            "frequencyMhz": 98.9,
            "organization": "Hrvatski Radio 2",
            "serviceType": "FM Broadcasting",
            "stationClass": "BC"
          },
          {
            "name": "Radio Split - Sveti Jure",
            "frequencyMhz": 102,
            "organization": "Radio Split",
            "serviceType": "FM Broadcasting",
            "stationClass": "BC"
          }
        ]
      }
    },
    {
      "type": "Feature",
      "geometry": {
        "type": "Point",
        "coordinates": [
          17.743889,
          43.348889
        ]
      },
      "properties": {
        "siteId": "MIKULJACA-01",
        "name": "MIKULJACA-01",
        "transmitters": [
          {
            "name": "RTV Herceg Bosna - Mikuljaca",
            "frequencyMhz": 107.5,
            "organization": "RTV Herceg Bosna",
            "serviceType": "FM Broadcasting",
            "stationClass": "BC"
          },
          {
            "name": "MIR Medjugorje - Mikuljaca",
            "frequencyMhz": 100,
            "organization": "Radio postaja MIR Međugorje",
            "serviceType": "FM Broadcasting",
            "stationClass": "BC"
          },
          {
            "name": "Oscar C - Mikuljaca",
            "frequencyMhz": 103.4,
            "organization": "Radio HTV Oscar-C",
            "serviceType": "FM Broadcasting",
            "stationClass": "BC"
          },
          {
            "name": "Radio postaja Mostar - Mikuljaca",
            "frequencyMhz": 100.9,
            "organization": "Radio postaja Mostar",
            "serviceType": "FM Broadcasting",
            "stationClass": "BC"
          },
          {
            "name": "Radio Grude - Mikuljaca",
            "frequencyMhz": 90.9,
            "organization": "RB BEST - Radio Grude",
            "serviceType": "FM Broadcasting",
            "stationClass": "BC"
          },
          {
            "name": "RDV - Mikuljaca",
            "frequencyMhz": 96.2,
            "organization": "Radio Dobre Vibracije",
            "serviceType": "FM Broadcasting",
            "stationClass": "BC"
          },
          {
            "name": "Radio Siroki Brijeg - Mikuljača",
            "frequencyMhz": 102.3,
            "organization": "Radio Siroki Brijeg",
            "serviceType": "FM Broadcasting",
            "stationClass": "BC"
          },
          {
            "name": "Obicni radio - Mikuljaca",
            "frequencyMhz": 106.5,
            "organization": "Obicni radio",
            "serviceType": "FM Broadcasting",
            "stationClass": "BC"
          },
          {
            "name": "Hercegovacka TV Mostar - Mikuljaca",
            "frequencyMhz": 783.25,
            "organization": "Hercegovacka televizija Mostar",
            "stationClass": "BT"
          },
          {
            "name": "TV Oscar C - Mikuljaca",
            "frequencyMhz": 719.25,
            "organization": "Radio HTV Oscar-C",
            "stationClass": "BT"
          },
          {
            "name": "TV FBiH - Mukuljaca",
            "frequencyMhz": 679.25,
            "organization": "TV FBiH",
            "stationClass": "BT"
          },
          {
            "name": "BHT 1 - Mikuljaca",
            "frequencyMhz": 175.25,
            "organization": "BHRT - BHT 1",
            "stationClass": "BT"
          },
          {
            "name": "TV FBiH - Mikuljaca",
            "frequencyMhz": 663.25,
            "organization": "TV FBiH",
            "stationClass": "BT"
          }
        ]
      }
    },
    {
      "type": "Feature",
      "geometry": {
        "type": "Point",
        "coordinates": [
          17.685278,
          43.162861
        ]
      },
      "properties": {
        "siteId": "KUKAVAC-01",
        "name": "KUKAVAC-01",
        "transmitters": [
          {
            "name": "MIR Medjugorje - Kukovac",
            "frequencyMhz": 98.3,
            "organization": "Radio postaja MIR Međugorje",
            "serviceType": "FM Broadcasting",
            "stationClass": "BC"
          },
          {
            "name": "TV Oscar C  - Kukovac",
            "frequencyMhz": 775.25,
            "organization": "Radio HTV Oscar-C",
            "stationClass": "BT"
          }
        ]
      }
    },
    {
      "type": "Feature",
      "geometry": {
        "type": "Point",
        "coordinates": [
          17.918333,
          43.0455
        ]
      },
      "properties": {
        "siteId": "GRADINA-01",
        "name": "GRADINA-01",
        "transmitters": [
          {
            "name": "Obicni radio - Gradina Bacnik",
            "frequencyMhz": 105.3,
            "organization": "Obicni radio",
            "serviceType": "FM Broadcasting",
            "stationClass": "BC"
          },
          {
            "name": "TV Travnik - Gradina",
            "frequencyMhz": 671.25,
            "organization": "NRTV Travnik",
            "stationClass": "BT"
          }
        ]
      }
    },
    {
      "type": "Feature",
      "geometry": {
        "type": "Point",
        "coordinates": [
          17.415556,
          43.466111
        ]
      },
      "properties": {
        "siteId": "PLEJINVRH-01",
        "name": "PLEJINVRH-01",
        "transmitters": [
          {
            "name": "Radio postaja Mostar - Plejin vrh",
            "frequencyMhz": 96.9,
            "organization": "Radio postaja Mostar",
            "serviceType": "FM Broadcasting",
            "stationClass": "BC"
          },
          {
            "name": "Radio Siroki Brijeg - Plejin Vrh",
            "frequencyMhz": 93.1,
            "organization": "Radio Siroki Brijeg",
            "serviceType": "FM Broadcasting",
            "stationClass": "BC"
          }
        ]
      }
    },
    {
      "type": "Feature",
      "geometry": {
        "type": "Point",
        "coordinates": [
          17.813417,
          43.336528
        ]
      },
      "properties": {
        "siteId": "R_STMOST_01",
        "name": "R_STMOST_01",
        "transmitters": [
          {
            "name": "Radio Stari Most - Mostar",
            "frequencyMhz": 101.7,
            "organization": "Radio 'Stari Most'",
            "serviceType": "FM Broadcasting",
            "stationClass": "BC"
          }
        ]
      }
    },
    {
      "type": "Feature",
      "geometry": {
        "type": "Point",
        "coordinates": [
          16.448111,
          44.307528
        ]
      },
      "properties": {
        "siteId": "V_VISOKA-01",
        "name": "V_VISOKA-01",
        "transmitters": [
          {
            "name": "BH Radio 1 - V.Visoka",
            "frequencyMhz": 94.7,
            "organization": "BH Radio 1",
            "serviceType": "FM Broadcasting",
            "stationClass": "BC"
          },
          {
            "name": "Radio FBiH - V.Visoka",
            "frequencyMhz": 88.2,
            "organization": "Radio Federacije BiH",
            "serviceType": "FM Broadcasting",
            "stationClass": "BC"
          },
          {
            "name": "Valentino - V.Visoka",
            "frequencyMhz": 106.7,
            "organization": "Obiteljski radio Valentino",
            "serviceType": "FM Broadcasting",
            "stationClass": "BC"
          },
          {
            "name": "TV FBiH - Velika Visoka",
            "frequencyMhz": 599.25,
            "organization": "TV FBiH",
            "stationClass": "BT"
          }
        ]
      }
    },
    {
      "type": "Feature",
      "geometry": {
        "type": "Point",
        "coordinates": [
          17.362194,
          43.348278
        ]
      },
      "properties": {
        "siteId": "MALIC-01",
        "name": "MALIC-01",
        "transmitters": [
          {
            "name": "Radio Grude - Malic",
            "frequencyMhz": 95.5,
            "organization": "RB BEST - Radio Grude",
            "serviceType": "FM Broadcasting",
            "stationClass": "BC"
          },
          {
            "name": "RDV - Malic",
            "frequencyMhz": 106.8,
            "organization": "Radio Dobre Vibracije",
            "serviceType": "FM Broadcasting",
            "stationClass": "BC"
          },
          {
            "name": "Oscar C - Malic",
            "frequencyMhz": 88.5,
            "organization": "Radio HTV Oscar-C",
            "serviceType": "FM Broadcasting",
            "stationClass": "BC"
          },
          {
            "name": "Radio Siroki Brijeg - Malic",
            "frequencyMhz": 93.1,
            "organization": "Radio Siroki Brijeg",
            "serviceType": "FM Broadcasting",
            "stationClass": "BC"
          },
          {
            "name": "OBN - Malic",
            "frequencyMhz": 471.25,
            "organization": "OBN",
            "stationClass": "BT"
          },
          {
            "name": "Hercegovacka TV mostar - Malic",
            "frequencyMhz": 767.25,
            "organization": "Hercegovacka televizija Mostar",
            "stationClass": "BT"
          },
          {
            "name": "TV Oscar C - Malic",
            "frequencyMhz": 751.25,
            "organization": "Radio HTV Oscar-C",
            "stationClass": "BT"
          },
          {
            "name": "TV FBiH - Malic",
            "frequencyMhz": 679.25,
            "organization": "TV FBiH",
            "stationClass": "BT"
          },
          {
            "name": "BHT 1 - Malic",
            "frequencyMhz": 703.25,
            "organization": "BHRT - BHT 1",
            "stationClass": "BT"
          }
        ]
      }
    },
    {
      "type": "Feature",
      "geometry": {
        "type": "Point",
        "coordinates": [
          18.078889,
          42.942222
        ]
      },
      "properties": {
        "siteId": "GRADISTE-01",
        "name": "GRADISTE-01",
        "transmitters": [
          {
            "name": "Radio Korona - Gradište",
            "frequencyMhz": 98.6,
            "organization": "Otvoreni nezavisni radio Korona",
            "serviceType": "FM Broadcasting",
            "stationClass": "BC"
          }
        ]
      }
    },
    {
      "type": "Feature",
      "geometry": {
        "type": "Point",
        "coordinates": [
          17.543278,
          43.208861
        ]
      },
      "properties": {
        "siteId": "SITOMIR-01",
        "name": "SITOMIR-01",
        "transmitters": [
          {
            "name": "Radio Ljubuski - Sitomir",
            "frequencyMhz": 99.4,
            "organization": "Radio Ljubuški",
            "serviceType": "FM Broadcasting",
            "stationClass": "BC"
          }
        ]
      }
    },
    {
      "type": "Feature",
      "geometry": {
        "type": "Point",
        "coordinates": [
          17.341056,
          43.48825
        ]
      },
      "properties": {
        "siteId": "RADOVAN-01",
        "name": "RADOVAN-01",
        "transmitters": [
          {
            "name": "Radio Posusje - Radovan",
            "frequencyMhz": 102.9,
            "organization": "Radio Posušje",
            "serviceType": "FM Broadcasting",
            "stationClass": "BC"
          },
          {
            "name": "Radio Plus - Radovan",
            "frequencyMhz": 90.3,
            "organization": "Radio Plus",
            "serviceType": "FM Broadcasting",
            "stationClass": "BC"
          },
          {
            "name": "Hercegovacka TV Mostar - Radovan",
            "frequencyMhz": 735.25,
            "organization": "Hercegovacka televizija Mostar",
            "stationClass": "BT"
          },
          {
            "name": "TV Oscar C - Radovan",
            "frequencyMhz": 775.25,
            "organization": "Radio HTV Oscar-C",
            "stationClass": "BT"
          },
          {
            "name": "TV FBiH - Radovan",
            "frequencyMhz": 591.25,
            "organization": "TV FBiH",
            "stationClass": "BT"
          },
          {
            "name": "BHT 1 - Radovan",
            "frequencyMhz": 527.25,
            "organization": "BHRT - BHT 1",
            "stationClass": "BT"
          }
        ]
      }
    },
    {
      "type": "Feature",
      "geometry": {
        "type": "Point",
        "coordinates": [
          17.362389,
          42.963194
        ]
      },
      "properties": {
        "siteId": "ROTA-01",
        "name": "ROTA-01",
        "transmitters": [
          {
            "name": "HR1 - Rota",
            "frequencyMhz": 92.1,
            "organization": "Hrvatski Radio 1",
            "serviceType": "FM Broadcasting",
            "stationClass": "BC"
          },
          {
            "name": "Radio Dubrovnik - Rota",
            "frequencyMhz": 88.2,
            "organization": "Radio Dubrovnik",
            "serviceType": "FM Broadcasting",
            "stationClass": "BC"
          }
        ]
      }
    },
    {
      "type": "Feature",
      "geometry": {
        "type": "Point",
        "coordinates": [
          17.754722,
          43.516944
        ]
      },
      "properties": {
        "siteId": "JASENJANI-01",
        "name": "JASENJANI-01",
        "transmitters": [
          {
            "name": "RTV Mostar - Jasenjani",
            "frequencyMhz": 99.3,
            "organization": "RTV Mostar",
            "serviceType": "FM Broadcasting",
            "stationClass": "BC"
          },
          {
            "name": "Radio FBiH - Jasenjani",
            "frequencyMhz": 95.7,
            "organization": "Radio Federacije BiH",
            "serviceType": "FM Broadcasting",
            "stationClass": "BC"
          },
          {
            "name": "TV Mostar - Jasenjani",
            "frequencyMhz": 495.25,
            "organization": "RTV Mostar",
            "stationClass": "BT"
          },
          {
            "name": "TV FBiH - Jasenjani",
            "frequencyMhz": 217.25,
            "organization": "TV FBiH",
            "stationClass": "BT"
          },
          {
            "name": "BHT 1 - Jasenjani",
            "frequencyMhz": 175.25,
            "organization": "BHRT - BHT 1",
            "stationClass": "BT"
          }
        ]
      }
    },
    {
      "type": "Feature",
      "geometry": {
        "type": "Point",
        "coordinates": [
          17.589389,
          43.396028
        ]
      },
      "properties": {
        "siteId": "CIGANSKO BRDO-01",
        "name": "CIGANSKO BRDO-01",
        "transmitters": [
          {
            "name": "Radio Siroki Brijeg - Cigansko brdo",
            "frequencyMhz": 92.7,
            "organization": "Radio Siroki Brijeg",
            "serviceType": "FM Broadcasting",
            "stationClass": "BC"
          },
          {
            "name": "Hercegovacka TV Mostar - Cigansko brdo",
            "frequencyMhz": 655.25,
            "organization": "Hercegovacka televizija Mostar",
            "stationClass": "BT"
          }
        ]
      }
    },
    {
      "type": "Feature",
      "geometry": {
        "type": "Point",
        "coordinates": [
          16.619722,
          43.279167
        ]
      },
      "properties": {
        "siteId": "VIDOVGORA-01",
        "name": "VIDOVGORA-01",
        "transmitters": [
          {
            "name": "HR3 - Vidova Gora",
            "frequencyMhz": 88.8,
            "organization": "Hrvatski Radio 3",
            "serviceType": "FM Broadcasting",
            "stationClass": "BC"
          }
        ]
      }
    },
    {
      "type": "Feature",
      "geometry": {
        "type": "Point",
        "coordinates": [
          17.644,
          43.0407
        ]
      },
      "properties": {
        "siteId": "OTR_METK-01",
        "name": "OTR_METK-01",
        "transmitters": [
          {
            "name": "Otvoreni Radio - Metković",
            "frequencyMhz": 107.1,
            "organization": "Otvoreni Radio",
            "serviceType": "FM Broadcasting",
            "stationClass": "BC"
          }
        ]
      }
    },
    {
      "type": "Feature",
      "geometry": {
        "type": "Point",
        "coordinates": [
          17.36167,
          43.1436
        ]
      },
      "properties": {
        "siteId": "GOMILA-01",
        "name": "GOMILA-01",
        "transmitters": [
          {
            "name": "HR1 - Gomila",
            "frequencyMhz": 94.9,
            "organization": "Hrvatski Radio 1",
            "serviceType": "FM Broadcasting",
            "stationClass": "BC"
          },
          {
            "name": "RB Best - Vrgorac",
            "frequencyMhz": 105,
            "organization": "Radio Biokovo Best Vrgorac",
            "serviceType": "FM Broadcasting",
            "stationClass": "BC"
          }
        ]
      }
    },
    {
      "type": "Feature",
      "geometry": {
        "type": "Point",
        "coordinates": [
          17.6493,
          43.0533
        ]
      },
      "properties": {
        "siteId": "DLT-METKOVIC",
        "name": "DLT-METKOVIC",
        "transmitters": [
          {
            "name": "Radio Delta - Metkovic",
            "frequencyMhz": 97,
            "organization": "Radio Delta Metković",
            "serviceType": "FM Broadcasting",
            "stationClass": "BC"
          }
        ]
      }
    },
    {
      "type": "Feature",
      "geometry": {
        "type": "Point",
        "coordinates": [
          18.386583,
          43.8735
        ]
      },
      "properties": {
        "siteId": "HUM-01",
        "name": "HUM-01",
        "transmitters": [
          {
            "name": "BH Radio 1 - Hum",
            "frequencyMhz": 101.7,
            "organization": "BH Radio 1",
            "serviceType": "FM Broadcasting",
            "stationClass": "BC"
          },
          {
            "name": "Radio FBiH - Hum",
            "frequencyMhz": 95.7,
            "organization": "Radio Federacije BiH",
            "serviceType": "FM Broadcasting",
            "stationClass": "BC"
          },
          {
            "name": "NES radio - Hum",
            "frequencyMhz": 87.7,
            "organization": "NES radio",
            "serviceType": "FM Broadcasting",
            "stationClass": "BC"
          },
          {
            "name": "TV Kantona Sarajevo - Hum",
            "frequencyMhz": 599.25,
            "organization": "JP TV Kantona Sarajevo",
            "stationClass": "BT"
          },
          {
            "name": "TV FBiH - Hum",
            "frequencyMhz": 719.25,
            "organization": "TV FBiH",
            "stationClass": "BT"
          },
          {
            "name": "BHT 1 - Hum",
            "frequencyMhz": 196.25,
            "organization": "BHRT - BHT 1",
            "stationClass": "BT"
          },
          {
            "name": "OBN - Hum",
            "frequencyMhz": 615.25,
            "organization": "OBN",
            "stationClass": "BT"
          }
        ]
      }
    },
    {
      "type": "Feature",
      "geometry": {
        "type": "Point",
        "coordinates": [
          18.460667,
          43.819972
        ]
      },
      "properties": {
        "siteId": "TREBEVIC-01",
        "name": "TREBEVIC-01",
        "transmitters": [
          {
            "name": "BH Radio 1 - Trebevic",
            "frequencyMhz": 103.7,
            "organization": "BH Radio 1",
            "serviceType": "FM Broadcasting",
            "stationClass": "BC"
          },
          {
            "name": "BH Radio 1 - Hum2",
            "frequencyMhz": 93.1,
            "organization": "BH Radio 1",
            "serviceType": "FM Broadcasting",
            "stationClass": "BC"
          },
          {
            "name": "Radio RS - Trebevic",
            "frequencyMhz": 88.7,
            "organization": "Radio RS",
            "serviceType": "FM Broadcasting",
            "stationClass": "BC"
          },
          {
            "name": "Radio ''M'' - Trebevic",
            "frequencyMhz": 98.7,
            "organization": "Radio ''M''",
            "serviceType": "FM Broadcasting",
            "stationClass": "BC"
          },
          {
            "name": "Radio Istocno Sarajevo - Trebevic",
            "frequencyMhz": 105.6,
            "organization": "Radio Istocno Sarajevo",
            "serviceType": "FM Broadcasting",
            "stationClass": "BC"
          },
          {
            "name": "OBN - Trebevic",
            "frequencyMhz": 655.25,
            "organization": "OBN",
            "stationClass": "BT"
          },
          {
            "name": "TV Pink - Trebevic",
            "frequencyMhz": 687.25,
            "organization": "Pink BH Company-Radio",
            "stationClass": "BT"
          },
          {
            "name": "Televizija RS - Trebevic",
            "frequencyMhz": 224.25,
            "organization": "RTRS - Televizija RS",
            "stationClass": "BT"
          },
          {
            "name": "BHT 1 - Trebevic",
            "frequencyMhz": 567.25,
            "organization": "BHRT - BHT 1",
            "stationClass": "BT"
          }
        ]
      }
    },
    {
      "type": "Feature",
      "geometry": {
        "type": "Point",
        "coordinates": [
          18.083306,
          43.943056
        ]
      },
      "properties": {
        "siteId": "KISELJAK-01",
        "name": "KISELJAK-01",
        "transmitters": [
          {
            "name": "HRT Kiseljak - Kiseljak grad",
            "frequencyMhz": 101.3,
            "organization": "HRT Kiseljak - Radio postaja",
            "serviceType": "FM Broadcasting",
            "stationClass": "BC"
          },
          {
            "name": "KISS TV - Kiseljak",
            "frequencyMhz": 511.25,
            "organization": "HRT Kiseljak - KISS TV",
            "stationClass": "BT"
          }
        ]
      }
    },
    {
      "type": "Feature",
      "geometry": {
        "type": "Point",
        "coordinates": [
          18.118639,
          43.890139
        ]
      },
      "properties": {
        "siteId": "CUBREN-01",
        "name": "CUBREN-01",
        "transmitters": [
          {
            "name": "HRT Kiseljak -  Cubren",
            "frequencyMhz": 92.7,
            "organization": "HRT Kiseljak - Radio postaja",
            "serviceType": "FM Broadcasting",
            "stationClass": "BC"
          },
          {
            "name": "RTV Herceg Bosna - Cubren",
            "frequencyMhz": 98.1,
            "organization": "RTV Herceg Bosna",
            "serviceType": "FM Broadcasting",
            "stationClass": "BC"
          },
          {
            "name": "MIR Medjugorje - Cubrem",
            "frequencyMhz": 96.1,
            "organization": "Radio postaja MIR Međugorje",
            "serviceType": "FM Broadcasting",
            "stationClass": "BC"
          },
          {
            "name": "KISS TV - Cubren",
            "frequencyMhz": 551.25,
            "organization": "HRT Kiseljak - KISS TV",
            "stationClass": "BT"
          },
          {
            "name": "TV FBiH - Cubren",
            "frequencyMhz": 471.25,
            "organization": "TV FBiH",
            "stationClass": "BT"
          },
          {
            "name": "BHT 1 - Cubren",
            "frequencyMhz": 189.25,
            "organization": "BHRT - BHT 1",
            "stationClass": "BT"
          }
        ]
      }
    },
    {
      "type": "Feature",
      "geometry": {
        "type": "Point",
        "coordinates": [
          18.159722,
          43.8075
        ]
      },
      "properties": {
        "siteId": "ORMANJ-01",
        "name": "ORMANJ-01",
        "transmitters": [
          {
            "name": "BMNR Hayat -  Ormanj",
            "frequencyMhz": 94,
            "organization": "BMNR Hayat-Slobodni Igman",
            "serviceType": "FM Broadcasting",
            "stationClass": "BC"
          },
          {
            "name": "MTV Igman - Ormanj",
            "frequencyMhz": 695.25,
            "organization": "MTV Igman",
            "stationClass": "BT"
          },
          {
            "name": "TV Kantona Sarajevo - Ormanj",
            "frequencyMhz": 631.25,
            "organization": "JP TV Kantona Sarajevo",
            "stationClass": "BT"
          },
          {
            "name": "TV FBiH - Ormanj",
            "frequencyMhz": 663.25,
            "organization": "TV FBiH",
            "stationClass": "BT"
          },
          {
            "name": "BHT 1 - Ormanj",
            "frequencyMhz": 182.25,
            "organization": "BHRT - BHT 1",
            "stationClass": "BT"
          }
        ]
      }
    },
    {
      "type": "Feature",
      "geometry": {
        "type": "Point",
        "coordinates": [
          18.383333,
          43.866667
        ]
      },
      "properties": {
        "siteId": "POFALICI-01",
        "name": "POFALICI-01",
        "transmitters": [
          {
            "name": "BMNR Hayat - Pofalici",
            "frequencyMhz": 89.5,
            "organization": "BMNR Hayat-Slobodni Igman",
            "serviceType": "FM Broadcasting",
            "stationClass": "BC"
          },
          {
            "name": "MTV Igman - Pofalici",
            "frequencyMhz": 631.25,
            "organization": "MTV Igman",
            "stationClass": "BT"
          }
        ]
      }
    },
    {
      "type": "Feature",
      "geometry": {
        "type": "Point",
        "coordinates": [
          18.429194,
          43.878528
        ]
      },
      "properties": {
        "siteId": "GRDONJ-01",
        "name": "GRDONJ-01",
        "transmitters": [
          {
            "name": "NRTV studio 99 - Grdonj",
            "frequencyMhz": 99.8,
            "organization": "NRTV studio 99",
            "serviceType": "FM Broadcasting",
            "stationClass": "BC"
          },
          {
            "name": "RTV Glas Bosne - Grdonj",
            "frequencyMhz": 106.8,
            "organization": "RTV Glas Bosne",
            "serviceType": "FM Broadcasting",
            "stationClass": "BC"
          },
          {
            "name": "RTV Vogosca - Grdonj",
            "frequencyMhz": 88.2,
            "organization": "RTV Vogosca",
            "serviceType": "FM Broadcasting",
            "stationClass": "BC"
          },
          {
            "name": "Studentski eFM radio - Grdonj",
            "frequencyMhz": 95.2,
            "organization": "Studentski eFM radio",
            "serviceType": "FM Broadcasting",
            "stationClass": "BC"
          },
          {
            "name": "Radio ASK - Grdonj",
            "frequencyMhz": 89.9,
            "organization": "Radio ASK",
            "serviceType": "FM Broadcasting",
            "stationClass": "BC"
          },
          {
            "name": "Radio Kameleon - Grdonj",
            "frequencyMhz": 101.2,
            "organization": "Radio Kameleon",
            "serviceType": "FM Broadcasting",
            "stationClass": "BC"
          },
          {
            "name": "Radio postaja Vrhbosna - Grdonj",
            "frequencyMhz": 90.5,
            "organization": "Radio postaja Vrhbosna",
            "serviceType": "FM Broadcasting",
            "stationClass": "BC"
          },
          {
            "name": "Radio Zid - Grdonj",
            "frequencyMhz": 90.2,
            "organization": "Radio Zid",
            "serviceType": "FM Broadcasting",
            "stationClass": "BC"
          },
          {
            "name": "Kalman - Grdonj",
            "frequencyMhz": 91.5,
            "organization": "Radio Kalman",
            "serviceType": "FM Broadcasting",
            "stationClass": "BC"
          },
          {
            "name": "Otvorena mreza - Grdonj",
            "frequencyMhz": 106.2,
            "organization": "Radio 'Otvorena mreza'",
            "serviceType": "FM Broadcasting",
            "stationClass": "BC"
          },
          {
            "name": "OBN - Grdonj",
            "frequencyMhz": 615.25,
            "organization": "OBN",
            "stationClass": "BT"
          },
          {
            "name": "NTV studio 99 - Grdonj",
            "frequencyMhz": 751.25,
            "organization": "NRTV studio 99",
            "stationClass": "BT"
          },
          {
            "name": "TV Vogosca - Grdonj",
            "frequencyMhz": 495.25,
            "organization": "RTV Vogosca",
            "stationClass": "BT"
          },
          {
            "name": "TV X - Grdonj",
            "frequencyMhz": 783.25,
            "organization": "TV X",
            "stationClass": "BT"
          }
        ]
      }
    },
    {
      "type": "Feature",
      "geometry": {
        "type": "Point",
        "coordinates": [
          17.934111,
          44.011167
        ]
      },
      "properties": {
        "siteId": "FOJNICA-01",
        "name": "FOJNICA-01",
        "transmitters": [
          {
            "name": "NRTV studio 99 - Bandera",
            "frequencyMhz": 99,
            "organization": "NRTV studio 99",
            "serviceType": "FM Broadcasting",
            "stationClass": "BC"
          },
          {
            "name": "KISS TV - Fojnica grad",
            "frequencyMhz": 631.25,
            "organization": "HRT Kiseljak - KISS TV",
            "stationClass": "BT"
          },
          {
            "name": "NTV studio 99 - Fojnica",
            "frequencyMhz": 751.25,
            "organization": "NRTV studio 99",
            "stationClass": "BT"
          },
          {
            "name": "TV Hayat - Fojnica grad",
            "frequencyMhz": 487.25,
            "organization": "Hayat",
            "stationClass": "BT"
          },
          {
            "name": "TV FBiH - Fojnica grad",
            "frequencyMhz": 519.25,
            "organization": "TV FBiH",
            "stationClass": "BT"
          },
          {
            "name": "BHT 1 - Fojnica grad",
            "frequencyMhz": 495.25,
            "organization": "BHRT - BHT 1",
            "stationClass": "BT"
          }
        ]
      }
    },
    {
      "type": "Feature",
      "geometry": {
        "type": "Point",
        "coordinates": [
          18.4305,
          43.879389
        ]
      },
      "properties": {
        "siteId": "GRDONJ-02",
        "name": "GRDONJ-02",
        "transmitters": [
          {
            "name": "Radio BM - Grdonj",
            "frequencyMhz": 99.4,
            "organization": "Radio BM",
            "serviceType": "FM Broadcasting",
            "stationClass": "BC"
          },
          {
            "name": "RTV BA - Grdonj",
            "frequencyMhz": 104.9,
            "organization": "RTV BA",
            "serviceType": "FM Broadcasting",
            "stationClass": "BC"
          },
          {
            "name": "RTV BIR - Grdonj",
            "frequencyMhz": 96.5,
            "organization": "RTV BIR",
            "serviceType": "FM Broadcasting",
            "stationClass": "BC"
          },
          {
            "name": "TV Hayat - Grdonj",
            "frequencyMhz": 767.25,
            "organization": "Hayat",
            "stationClass": "BT"
          }
        ]
      }
    },
    {
      "type": "Feature",
      "geometry": {
        "type": "Point",
        "coordinates": [
          18.438583,
          43.84675
        ]
      },
      "properties": {
        "siteId": "COLKAPA-01",
        "name": "COLKAPA-01",
        "transmitters": [
          {
            "name": "MIR Medjugorje - Sarajevo-Colina kapa",
            "frequencyMhz": 96.1,
            "organization": "Radio postaja MIR Međugorje",
            "serviceType": "FM Broadcasting",
            "stationClass": "BC"
          },
          {
            "name": "Radio Herceg-Bosne - Colina kapa",
            "frequencyMhz": 98.1,
            "organization": "RTV Herceg Bosna",
            "serviceType": "FM Broadcasting",
            "stationClass": "BC"
          },
          {
            "name": "TV Kantona Sarajevo - Colina kapa",
            "frequencyMhz": 671.25,
            "organization": "JP TV Kantona Sarajevo",
            "stationClass": "BT"
          },
          {
            "name": "TV Hayat - Colina kapa",
            "frequencyMhz": 519.25,
            "organization": "Hayat",
            "stationClass": "BT"
          },
          {
            "name": "TV FBiH - Colina Kapa",
            "frequencyMhz": 479.25,
            "organization": "TV FBiH",
            "stationClass": "BT"
          }
        ]
      }
    },
    {
      "type": "Feature",
      "geometry": {
        "type": "Point",
        "coordinates": [
          18.442528,
          43.869861
        ]
      },
      "properties": {
        "siteId": "SEDRENIK-01",
        "name": "SEDRENIK-01",
        "transmitters": [
          {
            "name": "RSG - Sedrenik",
            "frequencyMhz": 90.9,
            "organization": "Radio Stari Grad",
            "serviceType": "FM Broadcasting",
            "stationClass": "BC"
          }
        ]
      }
    },
    {
      "type": "Feature",
      "geometry": {
        "type": "Point",
        "coordinates": [
          18.255361,
          43.705472
        ]
      },
      "properties": {
        "siteId": "BJELASNICA-01",
        "name": "BJELASNICA-01",
        "transmitters": [
          {
            "name": "RSG - Bjelasnica",
            "frequencyMhz": 104.3,
            "organization": "Radio Stari Grad",
            "serviceType": "FM Broadcasting",
            "stationClass": "BC"
          }
        ]
      }
    },
    {
      "type": "Feature",
      "geometry": {
        "type": "Point",
        "coordinates": [
          18.454389,
          43.821056
        ]
      },
      "properties": {
        "siteId": "TREBEVIC-02",
        "name": "TREBEVIC-02",
        "transmitters": [
          {
            "name": "Radio Bobar - Trebevic",
            "frequencyMhz": 102.8,
            "organization": "Radio Bobar",
            "serviceType": "FM Broadcasting",
            "stationClass": "BC"
          },
          {
            "name": "Radio OSM - Trebevic",
            "frequencyMhz": 93.6,
            "organization": "Radio OSM",
            "serviceType": "FM Broadcasting",
            "stationClass": "BC"
          },
          {
            "name": "RTV BN - Trebevic",
            "frequencyMhz": 92,
            "organization": "RTV BN",
            "serviceType": "FM Broadcasting",
            "stationClass": "BC"
          },
          {
            "name": "R7 SRRS Trebević",
            "frequencyMhz": 145.77,
            "organization": "Savez radioamatera RS",
            "stationClass": "AT"
          }
        ]
      }
    },
    {
      "type": "Feature",
      "geometry": {
        "type": "Point",
        "coordinates": [
          17.901444,
          43.955278
        ]
      },
      "properties": {
        "siteId": "SELAKOVICI-01",
        "name": "SELAKOVICI-01",
        "transmitters": [
          {
            "name": "Valentino - Selakovici",
            "frequencyMhz": 93.2,
            "organization": "Obiteljski radio Valentino",
            "serviceType": "FM Broadcasting",
            "stationClass": "BC"
          }
        ]
      }
    },
    {
      "type": "Feature",
      "geometry": {
        "type": "Point",
        "coordinates": [
          18.396139,
          43.844417
        ]
      },
      "properties": {
        "siteId": "SARAJEV G-01",
        "name": "SARAJEV G-01",
        "transmitters": [
          {
            "name": "RTV ''Alfa'' - SARAJEVO GRAD",
            "frequencyMhz": 104.9,
            "organization": "RTV BA",
            "serviceType": "FM Broadcasting",
            "stationClass": "BC"
          },
          {
            "name": "Radio Marija - Čubren",
            "frequencyMhz": 103.3,
            "organization": "Radio Marija",
            "serviceType": "FM Broadcasting",
            "stationClass": "BC"
          }
        ]
      }
    },
    {
      "type": "Feature",
      "geometry": {
        "type": "Point",
        "coordinates": [
          17.897917,
          43.933778
        ]
      },
      "properties": {
        "siteId": "KOZOVGRAD-03",
        "name": "KOZOVGRAD-03",
        "transmitters": [
          {
            "name": "RTV BIR - Kozovgrad",
            "frequencyMhz": 90.7,
            "organization": "RTV BIR",
            "serviceType": "FM Broadcasting",
            "stationClass": "BC"
          },
          {
            "name": "TV FBiH - Kozov Grad",
            "frequencyMhz": 567.25,
            "organization": "TV FBiH",
            "stationClass": "BT"
          }
        ]
      }
    },
    {
      "type": "Feature",
      "geometry": {
        "type": "Point",
        "coordinates": [
          16.983306,
          44.966694
        ]
      },
      "properties": {
        "siteId": "KOZARA-01",
        "name": "KOZARA-01",
        "transmitters": [
          {
            "name": "NES Radio - Kozara",
            "frequencyMhz": 106.4,
            "organization": "NES radio",
            "serviceType": "FM Broadcasting",
            "stationClass": "BC"
          },
          {
            "name": "BH Radio 1 - Kozara",
            "frequencyMhz": 103.1,
            "organization": "BH Radio 1",
            "serviceType": "FM Broadcasting",
            "stationClass": "BC"
          }
        ]
      }
    },
    {
      "type": "Feature",
      "geometry": {
        "type": "Point",
        "coordinates": [
          17.729194,
          43.512056
        ]
      },
      "properties": {
        "siteId": "VRDI-01",
        "name": "VRDI-01",
        "transmitters": [
          {
            "name": "RDV - Vrdi",
            "frequencyMhz": 106.3,
            "organization": "Radio Dobre Vibracije",
            "serviceType": "FM Broadcasting",
            "stationClass": "BC"
          }
        ]
      }
    },
    {
      "type": "Feature",
      "geometry": {
        "type": "Point",
        "coordinates": [
          17.153333,
          44.768556
        ]
      },
      "properties": {
        "siteId": "SIBOVI-01",
        "name": "SIBOVI-01",
        "transmitters": [
          {
            "name": "RTV Herceg Bosna - Sibovi",
            "frequencyMhz": 103.5,
            "organization": "RTV Herceg Bosna",
            "serviceType": "FM Broadcasting",
            "stationClass": "BC"
          },
          {
            "name": "Radio Demofest - Sibovi",
            "frequencyMhz": 102.7,
            "organization": "Radio Demofest",
            "serviceType": "FM Broadcasting",
            "stationClass": "BC"
          },
          {
            "name": "Pink BH - Sibovi",
            "frequencyMhz": 107.1,
            "organization": "Pink BH Company-Radio",
            "serviceType": "FM Broadcasting",
            "stationClass": "BC"
          },
          {
            "name": "Otvorena mreza - Sibovi",
            "frequencyMhz": 101.4,
            "organization": "Radio 'Otvorena mreza'",
            "serviceType": "FM Broadcasting",
            "stationClass": "BC"
          },
          {
            "name": "Radio Balkan - Sibovi",
            "frequencyMhz": 95.9,
            "organization": "Radio Balkan",
            "serviceType": "FM Broadcasting",
            "stationClass": "BC"
          },
          {
            "name": "RTV BN - Sibovi",
            "frequencyMhz": 99.9,
            "organization": "RTV BN",
            "serviceType": "FM Broadcasting",
            "stationClass": "BC"
          },
          {
            "name": "Radio Kontakt - Sibovi",
            "frequencyMhz": 90,
            "organization": "Radio Kontakt",
            "serviceType": "FM Broadcasting",
            "stationClass": "BC"
          },
          {
            "name": "OBN - Sibovi",
            "frequencyMhz": 783.25,
            "organization": "OBN",
            "stationClass": "BT"
          },
          {
            "name": "TV Bel Kanal - Sibovi",
            "frequencyMhz": 599.25,
            "organization": "TV Bel Kanal",
            "stationClass": "BT"
          },
          {
            "name": "Alternativna Televizija - Sibovi",
            "frequencyMhz": 719.25,
            "organization": "Alternativna Televizija",
            "stationClass": "BT"
          },
          {
            "name": "TV BN - Sibovi",
            "frequencyMhz": 639.25,
            "organization": "RTV BN",
            "stationClass": "BT"
          },
          {
            "name": "TV Pink - Sibovi",
            "frequencyMhz": 711.25,
            "organization": "Pink BH Company-Radio",
            "stationClass": "BT"
          }
        ]
      }
    },
    {
      "type": "Feature",
      "geometry": {
        "type": "Point",
        "coordinates": [
          17.216389,
          44.786361
        ]
      },
      "properties": {
        "siteId": "BANJALUKA-01",
        "name": "BANJALUKA-01",
        "transmitters": [
          {
            "name": "Radio RS - Banja Luka grad",
            "frequencyMhz": 90.9,
            "organization": "Radio RS",
            "serviceType": "FM Broadcasting",
            "stationClass": "BC"
          },
          {
            "name": "NES CASTRA - Banja Luka grad",
            "frequencyMhz": 97.6,
            "organization": "NES radio",
            "serviceType": "FM Broadcasting",
            "stationClass": "BC"
          },
          {
            "name": "NES radio - Banja Luka grad",
            "frequencyMhz": 88.4,
            "organization": "NES radio",
            "serviceType": "FM Broadcasting",
            "stationClass": "BC"
          },
          {
            "name": "Radio Marija - Banja Luka",
            "frequencyMhz": 98.9,
            "organization": "Radio Marija",
            "serviceType": "FM Broadcasting",
            "stationClass": "BC"
          },
          {
            "name": "TV Balkan - Banja Luka grad",
            "frequencyMhz": 471.25,
            "organization": "TV Balkan",
            "stationClass": "BT"
          },
          {
            "name": "TV Simic - Banja Luka grad",
            "frequencyMhz": 503.25,
            "organization": "TV Simic",
            "stationClass": "BT"
          }
        ]
      }
    },
    {
      "type": "Feature",
      "geometry": {
        "type": "Point",
        "coordinates": [
          17.261139,
          44.810167
        ]
      },
      "properties": {
        "siteId": "KRCMARICE-01",
        "name": "KRCMARICE-01",
        "transmitters": [
          {
            "name": "RTV Big II program  - Krcmarice",
            "frequencyMhz": 93.6,
            "organization": "RTV BIG",
            "serviceType": "FM Broadcasting",
            "stationClass": "BC"
          },
          {
            "name": "RTV Big III program - Krcmarice",
            "frequencyMhz": 96.5,
            "organization": "RTV BIG",
            "serviceType": "FM Broadcasting",
            "stationClass": "BC"
          },
          {
            "name": "Radio ''M'' - Krcmarice",
            "frequencyMhz": 104.2,
            "organization": "Radio ''M''",
            "serviceType": "FM Broadcasting",
            "stationClass": "BC"
          },
          {
            "name": "RTV Big I program - Lisina",
            "frequencyMhz": 96.6,
            "organization": "RTV BIG",
            "serviceType": "FM Broadcasting",
            "stationClass": "BC"
          }
        ]
      }
    },
    {
      "type": "Feature",
      "geometry": {
        "type": "Point",
        "coordinates": [
          16.707778,
          44.975556
        ]
      },
      "properties": {
        "siteId": "PRIJEDOR GRAD-01",
        "name": "PRIJEDOR GRAD-01",
        "transmitters": [
          {
            "name": "RTV Big I program - Krcmarice",
            "frequencyMhz": 93.6,
            "organization": "RTV BIG",
            "serviceType": "FM Broadcasting",
            "stationClass": "BC"
          },
          {
            "name": "RTV Big II program - Prijedor grad",
            "frequencyMhz": 91.5,
            "organization": "RTV BIG",
            "serviceType": "FM Broadcasting",
            "stationClass": "BC"
          },
          {
            "name": "OBN - Prijedor grad",
            "frequencyMhz": 615.25,
            "organization": "OBN",
            "stationClass": "BT"
          },
          {
            "name": "TV Prijedor - Prijedor grad",
            "frequencyMhz": 719.25,
            "organization": "Radio Prijedor",
            "stationClass": "BT"
          },
          {
            "name": "TV Vikom - Prijedor grad",
            "frequencyMhz": 655.25,
            "organization": "RTV Vikom",
            "stationClass": "BT"
          },
          {
            "name": "TV BN - Prijedor",
            "frequencyMhz": 751.25,
            "organization": "RTV BN",
            "stationClass": "BT"
          }
        ]
      }
    },
    {
      "type": "Feature",
      "geometry": {
        "type": "Point",
        "coordinates": [
          16.933306,
          44.966667
        ]
      },
      "properties": {
        "siteId": "LISINA-01",
        "name": "LISINA-01",
        "transmitters": [
          {
            "name": "Radio Free - Lisina",
            "frequencyMhz": 105.7,
            "organization": "Free radio",
            "serviceType": "FM Broadcasting",
            "stationClass": "BC"
          },
          {
            "name": "Radio Bobar - Lisina",
            "frequencyMhz": 95.3,
            "organization": "Radio Bobar",
            "serviceType": "FM Broadcasting",
            "stationClass": "BC"
          },
          {
            "name": "NES radio - Lisina",
            "frequencyMhz": 106.4,
            "organization": "NES radio",
            "serviceType": "FM Broadcasting",
            "stationClass": "BC"
          },
          {
            "name": "Pink BH - Kozara Lisina",
            "frequencyMhz": 100.4,
            "organization": "Pink BH Company-Radio",
            "serviceType": "FM Broadcasting",
            "stationClass": "BC"
          },
          {
            "name": "Radio Esprit - Kozara",
            "frequencyMhz": 94.1,
            "organization": "Radio Esprit",
            "serviceType": "FM Broadcasting",
            "stationClass": "BC"
          },
          {
            "name": "Radio RS - Lisina",
            "frequencyMhz": 92.7,
            "organization": "Radio RS",
            "serviceType": "FM Broadcasting",
            "stationClass": "BC"
          },
          {
            "name": "Radio Sik - Lisina",
            "frequencyMhz": 107.2,
            "organization": "Radio Šik",
            "serviceType": "FM Broadcasting",
            "stationClass": "BC"
          },
          {
            "name": "Alternativna Televizija - Lisina",
            "frequencyMhz": 735.25,
            "organization": "Alternativna Televizija",
            "stationClass": "BT"
          },
          {
            "name": "TV BN - Lisina",
            "frequencyMhz": 743.25,
            "organization": "RTV BN",
            "stationClass": "BT"
          },
          {
            "name": "TV Pink - Lisina",
            "frequencyMhz": 759.25,
            "organization": "Pink BH Company-Radio",
            "stationClass": "BT"
          },
          {
            "name": "TV Pink - Lisina 2",
            "frequencyMhz": 567.25,
            "organization": "Pink BH Company-Radio",
            "stationClass": "BT"
          },
          {
            "name": "Televizija RS - Lisina",
            "frequencyMhz": 182.25,
            "organization": "RTRS - Televizija RS",
            "stationClass": "BT"
          },
          {
            "name": "Televizija RS - Lisina 02",
            "frequencyMhz": 663.25,
            "organization": "RTRS - Televizija RS",
            "stationClass": "BT"
          },
          {
            "name": "BHT 1 - Lisina",
            "frequencyMhz": 519.25,
            "organization": "BHRT - BHT 1",
            "stationClass": "BT"
          },
          {
            "name": "BHT 1 - Lisina 2",
            "frequencyMhz": 727.25,
            "organization": "BHRT - BHT 1",
            "stationClass": "BT"
          },
          {
            "name": "BH Radio 1 - Lisina",
            "frequencyMhz": 103.1,
            "organization": "BH Radio 1",
            "serviceType": "FM Broadcasting",
            "stationClass": "BC"
          },
          {
            "name": "RTV BN - Lisina",
            "frequencyMhz": 99.3,
            "organization": "RTV BN",
            "serviceType": "FM Broadcasting",
            "stationClass": "BC"
          }
        ]
      }
    },
    {
      "type": "Feature",
      "geometry": {
        "type": "Point",
        "coordinates": [
          16.790694,
          45.1765
        ]
      },
      "properties": {
        "siteId": "KRIVDICABRDO-01",
        "name": "KRIVDICABRDO-01",
        "transmitters": [
          {
            "name": "DUB Radio - Krivdica brdo",
            "frequencyMhz": 96.7,
            "organization": "DUB Radio",
            "serviceType": "FM Broadcasting",
            "stationClass": "BC"
          },
          {
            "name": "Radio Fenix - Krivdica brdo",
            "frequencyMhz": 94.7,
            "organization": "Radio Fenix",
            "serviceType": "FM Broadcasting",
            "stationClass": "BC"
          }
        ]
      }
    },
    {
      "type": "Feature",
      "geometry": {
        "type": "Point",
        "coordinates": [
          16.593611,
          44.819972
        ]
      },
      "properties": {
        "siteId": "STARIMAJDAN-01",
        "name": "STARIMAJDAN-01",
        "transmitters": [
          {
            "name": "Valentino - Bronzani Majdan",
            "frequencyMhz": 88,
            "organization": "Obiteljski radio Valentino",
            "serviceType": "FM Broadcasting",
            "stationClass": "BC"
          },
          {
            "name": "OBN - Stari Majdan",
            "frequencyMhz": 575.25,
            "organization": "OBN",
            "stationClass": "BT"
          },
          {
            "name": "TV USK - Stari Majdan",
            "frequencyMhz": 471.25,
            "organization": "RTV USK",
            "stationClass": "BT"
          },
          {
            "name": "TV Valentino - Bronzani Majdan",
            "frequencyMhz": 655.25,
            "organization": "Obiteljski radio Valentino",
            "stationClass": "BT"
          },
          {
            "name": "TV FBiH - Stari Majdan",
            "frequencyMhz": 695.25,
            "organization": "TV FBiH",
            "stationClass": "BT"
          },
          {
            "name": "BHT 1 - Stari Majdan",
            "frequencyMhz": 189.25,
            "organization": "BHRT - BHT 1",
            "stationClass": "BT"
          }
        ]
      }
    },
    {
      "type": "Feature",
      "geometry": {
        "type": "Point",
        "coordinates": [
          17.303139,
          44.690028
        ]
      },
      "properties": {
        "siteId": "LIPOVAC-01",
        "name": "LIPOVAC-01",
        "transmitters": [
          {
            "name": "Radio 'Studio M' - Lipovac",
            "frequencyMhz": 100.7,
            "organization": "Radio 'Studio M'",
            "serviceType": "FM Broadcasting",
            "stationClass": "BC"
          },
          {
            "name": "RTV BN - Lipovac",
            "frequencyMhz": 99.3,
            "organization": "RTV BN",
            "serviceType": "FM Broadcasting",
            "stationClass": "BC"
          },
          {
            "name": "Radio Igokea - Lipovac",
            "frequencyMhz": 94.4,
            "organization": "Radio Igokea",
            "serviceType": "FM Broadcasting",
            "stationClass": "BC"
          },
          {
            "name": "RTV Vikom - Lipovac",
            "frequencyMhz": 91.1,
            "organization": "RTV Vikom",
            "serviceType": "FM Broadcasting",
            "stationClass": "BC"
          },
          {
            "name": "Radio Dzungla - Lipovac",
            "frequencyMhz": 92,
            "organization": "Radio Dzungla",
            "serviceType": "FM Broadcasting",
            "stationClass": "BC"
          },
          {
            "name": "TV Vikom - Lipovac",
            "frequencyMhz": 767.25,
            "organization": "RTV Vikom",
            "stationClass": "BT"
          },
          {
            "name": "TV BN - Lipovac",
            "frequencyMhz": 631.25,
            "organization": "RTV BN",
            "stationClass": "BT"
          },
          {
            "name": "Alternativna Televizija - Lipovac",
            "frequencyMhz": 719.25,
            "organization": "Alternativna Televizija",
            "stationClass": "BT"
          }
        ]
      }
    },
    {
      "type": "Feature",
      "geometry": {
        "type": "Point",
        "coordinates": [
          17.604972,
          44.582694
        ]
      },
      "properties": {
        "siteId": "BORJA-01",
        "name": "BORJA-01",
        "transmitters": [
          {
            "name": "Radio 'Studio M' - Borja",
            "frequencyMhz": 93,
            "organization": "Radio 'Studio M'",
            "serviceType": "FM Broadcasting",
            "stationClass": "BC"
          },
          {
            "name": "Alternativna Televizija - Borja",
            "frequencyMhz": 679.25,
            "organization": "Alternativna Televizija",
            "stationClass": "BT"
          },
          {
            "name": "Televizija RS - Borja",
            "frequencyMhz": 479.25,
            "organization": "RTRS - Televizija RS",
            "stationClass": "BT"
          }
        ]
      }
    },
    {
      "type": "Feature",
      "geometry": {
        "type": "Point",
        "coordinates": [
          17.173611,
          44.769722
        ]
      },
      "properties": {
        "siteId": "POBRDJE-01",
        "name": "POBRDJE-01",
        "transmitters": [
          {
            "name": "Radio Uno - Pobrdje",
            "frequencyMhz": 107.5,
            "organization": "Radio 'UNO'",
            "serviceType": "FM Broadcasting",
            "stationClass": "BC"
          },
          {
            "name": "Radio RS - Pobrdje",
            "frequencyMhz": 90.9,
            "organization": "Radio RS",
            "serviceType": "FM Broadcasting",
            "stationClass": "BC"
          },
          {
            "name": "Televizija RS - Pobrdje",
            "frequencyMhz": 551.25,
            "organization": "RTRS - Televizija RS",
            "stationClass": "BT"
          }
        ]
      }
    },
    {
      "type": "Feature",
      "geometry": {
        "type": "Point",
        "coordinates": [
          17.663639,
          44.875833
        ]
      },
      "properties": {
        "siteId": "PRNJAVOR-01",
        "name": "PRNJAVOR-01",
        "transmitters": [
          {
            "name": "RTV BN - Prnjavor",
            "frequencyMhz": 99.9,
            "organization": "RTV BN",
            "serviceType": "FM Broadcasting",
            "stationClass": "BC"
          },
          {
            "name": "Radio Prnjavor - Svinjar",
            "frequencyMhz": 99.1,
            "organization": "Radio Prnjavor",
            "serviceType": "FM Broadcasting",
            "stationClass": "BC"
          },
          {
            "name": "RTV Vikom - Prnjavor grad",
            "frequencyMhz": 105.3,
            "organization": "RTV Vikom",
            "serviceType": "FM Broadcasting",
            "stationClass": "BC"
          },
          {
            "name": "TV Vikom - Prnjavor",
            "frequencyMhz": 687.25,
            "organization": "RTV Vikom",
            "stationClass": "BT"
          },
          {
            "name": "TV BN - Prnjavor",
            "frequencyMhz": 631.25,
            "organization": "RTV BN",
            "stationClass": "BT"
          },
          {
            "name": "Alternativna Televizija - Prnjavor",
            "frequencyMhz": 735.25,
            "organization": "Alternativna Televizija",
            "stationClass": "BT"
          }
        ]
      }
    },
    {
      "type": "Feature",
      "geometry": {
        "type": "Point",
        "coordinates": [
          17.250278,
          45.144694
        ]
      },
      "properties": {
        "siteId": "GRADISKAGRAD-01",
        "name": "GRADISKAGRAD-01",
        "transmitters": [
          {
            "name": "Radio Gradiska - Gradiska grad",
            "frequencyMhz": 98.8,
            "organization": "Radio Gradiska",
            "serviceType": "FM Broadcasting",
            "stationClass": "BC"
          }
        ]
      }
    },
    {
      "type": "Feature",
      "geometry": {
        "type": "Point",
        "coordinates": [
          16.579611,
          45.183944
        ]
      },
      "properties": {
        "siteId": "ALAGINCI-01",
        "name": "ALAGINCI-01",
        "transmitters": [
          {
            "name": "Radio Kostajnica - Alaginci",
            "frequencyMhz": 101.6,
            "organization": "JP Radio Kostajnica",
            "serviceType": "FM Broadcasting",
            "stationClass": "BC"
          },
          {
            "name": "TV Balkan - Alaginci",
            "frequencyMhz": 711.25,
            "organization": "TV Balkan",
            "stationClass": "BT"
          },
          {
            "name": "Televizija RS - Alaginici",
            "frequencyMhz": 543.25,
            "organization": "RTRS - Televizija RS",
            "stationClass": "BT"
          },
          {
            "name": "ABC",
            "frequencyMhz": 123,
            "organization": "Alternativna Televizija",
            "serviceType": "FM Broadcasting",
            "stationClass": "BC"
          }
        ]
      }
    },
    {
      "type": "Feature",
      "geometry": {
        "type": "Point",
        "coordinates": [
          17.668806,
          44.793694
        ]
      },
      "properties": {
        "siteId": "SVINJAR-01",
        "name": "SVINJAR-01",
        "transmitters": [
          {
            "name": "Radio Ljubic - Svinjar",
            "frequencyMhz": 88.9,
            "organization": "Radio Ljubić",
            "serviceType": "FM Broadcasting",
            "stationClass": "BC"
          }
        ]
      }
    },
    {
      "type": "Feature",
      "geometry": {
        "type": "Point",
        "coordinates": [
          17.168056,
          44.790806
        ]
      },
      "properties": {
        "siteId": "PETRICEVAC-01",
        "name": "PETRICEVAC-01",
        "transmitters": [
          {
            "name": "MIR Medjugorje - Petricevac",
            "frequencyMhz": 107.8,
            "organization": "Radio postaja MIR Međugorje",
            "serviceType": "FM Broadcasting",
            "stationClass": "BC"
          }
        ]
      }
    },
    {
      "type": "Feature",
      "geometry": {
        "type": "Point",
        "coordinates": [
          15.748694,
          44.794278
        ]
      },
      "properties": {
        "siteId": "PLJESIVICA-01",
        "name": "PLJESIVICA-01",
        "transmitters": [
          {
            "name": "MIR Medjugorje - Pljesivica",
            "frequencyMhz": 107.8,
            "organization": "Radio postaja MIR Međugorje",
            "serviceType": "FM Broadcasting",
            "stationClass": "BC"
          }
        ]
      }
    },
    {
      "type": "Feature",
      "geometry": {
        "type": "Point",
        "coordinates": [
          16.9075,
          45.016028
        ]
      },
      "properties": {
        "siteId": "MRAKOVICA-01",
        "name": "MRAKOVICA-01",
        "transmitters": [
          {
            "name": "Radio Prijedor - Mrakovica",
            "frequencyMhz": 97.9,
            "organization": "Radio Prijedor",
            "serviceType": "FM Broadcasting",
            "stationClass": "BC"
          }
        ]
      }
    },
    {
      "type": "Feature",
      "geometry": {
        "type": "Point",
        "coordinates": [
          16.611917,
          44.65775
        ]
      },
      "properties": {
        "siteId": "LOKVENIVRH-01",
        "name": "LOKVENIVRH-01",
        "transmitters": [
          {
            "name": "RTV USK - Lokveni vrh",
            "frequencyMhz": 99.5,
            "organization": "RTV USK",
            "serviceType": "FM Broadcasting",
            "stationClass": "BC"
          },
          {
            "name": "Radio Sana - Lokveni vrh",
            "frequencyMhz": 103.7,
            "organization": "Radio Sana",
            "serviceType": "FM Broadcasting",
            "stationClass": "BC"
          },
          {
            "name": "NTV 101 - Lokveni Vrh",
            "frequencyMhz": 551.25,
            "organization": "NTV 101",
            "stationClass": "BT"
          },
          {
            "name": "TV USK - Lokveni veh",
            "frequencyMhz": 487.25,
            "organization": "RTV USK",
            "stationClass": "BT"
          }
        ]
      }
    },
    {
      "type": "Feature",
      "geometry": {
        "type": "Point",
        "coordinates": [
          17.028194,
          45.019306
        ]
      },
      "properties": {
        "siteId": "GIG-01",
        "name": "GIG-01",
        "transmitters": [
          {
            "name": "RTV Vikom - Gig",
            "frequencyMhz": 89.9,
            "organization": "RTV Vikom",
            "serviceType": "FM Broadcasting",
            "stationClass": "BC"
          },
          {
            "name": "TV Vikom - Gig",
            "frequencyMhz": 599.25,
            "organization": "RTV Vikom",
            "stationClass": "BT"
          }
        ]
      }
    },
    {
      "type": "Feature",
      "geometry": {
        "type": "Point",
        "coordinates": [
          16.706167,
          44.974806
        ]
      },
      "properties": {
        "siteId": "PRIJEDORHOTEL-01",
        "name": "PRIJEDORHOTEL-01",
        "transmitters": [
          {
            "name": "RTV Vikom - Prijedor hotel",
            "frequencyMhz": 89.9,
            "organization": "RTV Vikom",
            "serviceType": "FM Broadcasting",
            "stationClass": "BC"
          }
        ]
      }
    },
    {
      "type": "Feature",
      "geometry": {
        "type": "Point",
        "coordinates": [
          17.291917,
          44.916083
        ]
      },
      "properties": {
        "siteId": "JELICABRDO-01",
        "name": "JELICABRDO-01",
        "transmitters": [
          {
            "name": "Studio 078 - Jelica brdo",
            "frequencyMhz": 90.3,
            "organization": "Studio 078",
            "serviceType": "FM Broadcasting",
            "stationClass": "BC"
          }
        ]
      }
    },
    {
      "type": "Feature",
      "geometry": {
        "type": "Point",
        "coordinates": [
          17.261139,
          44.810167
        ]
      },
      "properties": {
        "siteId": "STJEPANOVA GLAVA-O1",
        "name": "STJEPANOVA GLAVA-O1",
        "transmitters": [
          {
            "name": "RTV Vikom - Stjepanova glava",
            "frequencyMhz": 105.3,
            "organization": "RTV Vikom",
            "serviceType": "FM Broadcasting",
            "stationClass": "BC"
          },
          {
            "name": "TV Vikom - Stjepanova glava",
            "frequencyMhz": 687.25,
            "organization": "RTV Vikom",
            "stationClass": "BT"
          }
        ]
      }
    },
    {
      "type": "Feature",
      "geometry": {
        "type": "Point",
        "coordinates": [
          17.98325,
          43.771306
        ]
      },
      "properties": {
        "siteId": "LISIN-01",
        "name": "LISIN-01",
        "transmitters": [
          {
            "name": "BH Radio 1 - Lisin",
            "frequencyMhz": 100.3,
            "organization": "BH Radio 1",
            "serviceType": "FM Broadcasting",
            "stationClass": "BC"
          },
          {
            "name": "BMNR Hayat - Lisin",
            "frequencyMhz": 87.9,
            "organization": "BMNR Hayat-Slobodni Igman",
            "serviceType": "FM Broadcasting",
            "stationClass": "BC"
          },
          {
            "name": "Radio FBiH - Lisin",
            "frequencyMhz": 94.5,
            "organization": "Radio Federacije BiH",
            "serviceType": "FM Broadcasting",
            "stationClass": "BC"
          },
          {
            "name": "RTV Konjic - Lisin",
            "frequencyMhz": 95,
            "organization": "RTV Konjic",
            "serviceType": "FM Broadcasting",
            "stationClass": "BC"
          },
          {
            "name": "Radio RS - Lisin",
            "frequencyMhz": 90,
            "organization": "Radio RS",
            "serviceType": "FM Broadcasting",
            "stationClass": "BC"
          },
          {
            "name": "Kalman - Lisin",
            "frequencyMhz": 91.2,
            "organization": "Radio Kalman",
            "serviceType": "FM Broadcasting",
            "stationClass": "BC"
          },
          {
            "name": "Otvorena mreza - Lisin",
            "frequencyMhz": 98.4,
            "organization": "Radio 'Otvorena mreza'",
            "serviceType": "FM Broadcasting",
            "stationClass": "BC"
          },
          {
            "name": "MTV Igman - Lisin",
            "frequencyMhz": 695.25,
            "organization": "MTV Igman",
            "stationClass": "BT"
          },
          {
            "name": "TV FBiH - Lisin",
            "frequencyMhz": 735.25,
            "organization": "TV FBiH",
            "stationClass": "BT"
          },
          {
            "name": "BHT 1 - Lisin",
            "frequencyMhz": 679.25,
            "organization": "BHRT - BHT 1",
            "stationClass": "BT"
          }
        ]
      }
    },
    {
      "type": "Feature",
      "geometry": {
        "type": "Point",
        "coordinates": [
          17.603111,
          42.936028
        ]
      },
      "properties": {
        "siteId": "MARIJIN_VIJENAC-01",
        "name": "MARIJIN_VIJENAC-01",
        "transmitters": [
          {
            "name": "BH Radio 1 - Marijin Vijenac",
            "frequencyMhz": 96.2,
            "organization": "BH Radio 1",
            "serviceType": "FM Broadcasting",
            "stationClass": "BC"
          },
          {
            "name": "Oscar C - Marijin vijenac",
            "frequencyMhz": 91.2,
            "organization": "Radio HTV Oscar-C",
            "serviceType": "FM Broadcasting",
            "stationClass": "BC"
          },
          {
            "name": "Radio FBiH - Marijin Vijenac",
            "frequencyMhz": 102.5,
            "organization": "Radio Federacije BiH",
            "serviceType": "FM Broadcasting",
            "stationClass": "BC"
          },
          {
            "name": "RSG - Marijin Vijenac",
            "frequencyMhz": 92.6,
            "organization": "Radio Stari Grad",
            "serviceType": "FM Broadcasting",
            "stationClass": "BC"
          },
          {
            "name": "TV Oscar C - Marijin Vijenac",
            "frequencyMhz": 759.25,
            "organization": "Radio HTV Oscar-C",
            "stationClass": "BT"
          },
          {
            "name": "TV FBiH - Marijin Vijenac",
            "frequencyMhz": 479.25,
            "organization": "TV FBiH",
            "stationClass": "BT"
          },
          {
            "name": "BHT 1 - Marijin vijenac",
            "frequencyMhz": 210.25,
            "organization": "BHRT - BHT 1",
            "stationClass": "BT"
          }
        ]
      }
    },
    {
      "type": "Feature",
      "geometry": {
        "type": "Point",
        "coordinates": [
          17.095556,
          43.7225
        ]
      },
      "properties": {
        "siteId": "TUSNICA-01",
        "name": "TUSNICA-01",
        "transmitters": [
          {
            "name": "BH Radio 1 - Tusnica",
            "frequencyMhz": 88.1,
            "organization": "BH Radio 1",
            "serviceType": "FM Broadcasting",
            "stationClass": "BC"
          },
          {
            "name": "Radio FBiH - Tusnica",
            "frequencyMhz": 92.5,
            "organization": "Radio Federacije BiH",
            "serviceType": "FM Broadcasting",
            "stationClass": "BC"
          },
          {
            "name": "TV FBiH - Tusnica",
            "frequencyMhz": 647.25,
            "organization": "TV FBiH",
            "stationClass": "BT"
          },
          {
            "name": "BHT 1 - Tusnica",
            "frequencyMhz": 182.25,
            "organization": "BHRT - BHT 1",
            "stationClass": "BT"
          }
        ]
      }
    },
    {
      "type": "Feature",
      "geometry": {
        "type": "Point",
        "coordinates": [
          18.570167,
          44.710556
        ]
      },
      "properties": {
        "siteId": "LIPIK-01",
        "name": "LIPIK-01",
        "transmitters": [
          {
            "name": "BH Radio 1 - Lipik",
            "frequencyMhz": 93.7,
            "organization": "BH Radio 1",
            "serviceType": "FM Broadcasting",
            "stationClass": "BC"
          },
          {
            "name": "Radio FBiH - Lipik",
            "frequencyMhz": 98.9,
            "organization": "Radio Federacije BiH",
            "serviceType": "FM Broadcasting",
            "stationClass": "BC"
          },
          {
            "name": "Radio Tuzla - Lipik",
            "frequencyMhz": 96.5,
            "organization": "Radio Tuzla",
            "serviceType": "FM Broadcasting",
            "stationClass": "BC"
          },
          {
            "name": "Valentino - Lipik",
            "frequencyMhz": 94.3,
            "organization": "Obiteljski radio Valentino",
            "serviceType": "FM Broadcasting",
            "stationClass": "BC"
          },
          {
            "name": "TV FBiH - Lipik",
            "frequencyMhz": 743.25,
            "organization": "TV FBiH",
            "stationClass": "BT"
          },
          {
            "name": "BHT 1 - Lipik",
            "frequencyMhz": 671.25,
            "organization": "BHRT - BHT 1",
            "stationClass": "BT"
          }
        ]
      }
    },
    {
      "type": "Feature",
      "geometry": {
        "type": "Point",
        "coordinates": [
          18.862806,
          43.712528
        ]
      },
      "properties": {
        "siteId": "HADZICA_BRDO-01",
        "name": "HADZICA_BRDO-01",
        "transmitters": [
          {
            "name": "BH Radio 1 - Hadzica brdo",
            "frequencyMhz": 107.3,
            "organization": "BH Radio 1",
            "serviceType": "FM Broadcasting",
            "stationClass": "BC"
          },
          {
            "name": "Radio FBiH - Hadzica brdo",
            "frequencyMhz": 99.5,
            "organization": "Radio Federacije BiH",
            "serviceType": "FM Broadcasting",
            "stationClass": "BC"
          },
          {
            "name": "OBN - Hadzica brdo",
            "frequencyMhz": 575.25,
            "organization": "OBN",
            "stationClass": "BT"
          },
          {
            "name": "TV FBiH - Hadzica brdo",
            "frequencyMhz": 647.25,
            "organization": "TV FBiH",
            "stationClass": "BT"
          },
          {
            "name": "BHT 1 - Hadzica brdo",
            "frequencyMhz": 471.25,
            "organization": "BHRT - BHT 1",
            "stationClass": "BT"
          },
          {
            "name": "R1 ARA u BIH Goražde",
            "frequencyMhz": 145.62,
            "organization": "Asocijacija radioamatera u BiH",
            "stationClass": "AT"
          }
        ]
      }
    },
    {
      "type": "Feature",
      "geometry": {
        "type": "Point",
        "coordinates": [
          16.052944,
          44.922667
        ]
      },
      "properties": {
        "siteId": "VELIKA GOMILA-01",
        "name": "VELIKA GOMILA-01",
        "transmitters": [
          {
            "name": "BH Radio 1 - Velika gomila",
            "frequencyMhz": 88.8,
            "organization": "BH Radio 1",
            "serviceType": "FM Broadcasting",
            "stationClass": "BC"
          },
          {
            "name": "Radio FBiH - Velika gomila",
            "frequencyMhz": 95.7,
            "organization": "Radio Federacije BiH",
            "serviceType": "FM Broadcasting",
            "stationClass": "BC"
          },
          {
            "name": "RTV USK - Velika gomila",
            "frequencyMhz": 105.1,
            "organization": "RTV USK",
            "serviceType": "FM Broadcasting",
            "stationClass": "BC"
          },
          {
            "name": "TV USK - Velika Gomila",
            "frequencyMhz": 599.25,
            "organization": "RTV USK",
            "stationClass": "BT"
          },
          {
            "name": "TV FBiH - Velika gomila",
            "frequencyMhz": 679.25,
            "organization": "TV FBiH",
            "stationClass": "BT"
          },
          {
            "name": "BHT 1 - Velika gomila",
            "frequencyMhz": 210.25,
            "organization": "BHRT - BHT 1",
            "stationClass": "BT"
          },
          {
            "name": "R4 ARA u BIH Cazin",
            "frequencyMhz": 145.7,
            "organization": "Asocijacija radioamatera u BiH",
            "stationClass": "AT"
          }
        ]
      }
    },
    {
      "type": "Feature",
      "geometry": {
        "type": "Point",
        "coordinates": [
          18.432222,
          44.856111
        ]
      },
      "properties": {
        "siteId": "HUMKE-01",
        "name": "HUMKE-01",
        "transmitters": [
          {
            "name": "BH Radio 1 - Humke",
            "frequencyMhz": 99.2,
            "organization": "BH Radio 1",
            "serviceType": "FM Broadcasting",
            "stationClass": "BC"
          },
          {
            "name": "Radio FBiH - Humke",
            "frequencyMhz": 103.5,
            "organization": "Radio Federacije BiH",
            "serviceType": "FM Broadcasting",
            "stationClass": "BC"
          },
          {
            "name": "Radio Kameleon - Humke",
            "frequencyMhz": 95.6,
            "organization": "Radio Kameleon",
            "serviceType": "FM Broadcasting",
            "stationClass": "BC"
          },
          {
            "name": "Radio Avaz - Humke",
            "frequencyMhz": 100.5,
            "organization": "Radio Avaz",
            "serviceType": "FM Broadcasting",
            "stationClass": "BC"
          },
          {
            "name": "Radio postaja Orasje - Humke",
            "frequencyMhz": 88,
            "organization": "Radio postaja Orasje",
            "serviceType": "FM Broadcasting",
            "stationClass": "BC"
          },
          {
            "name": "OBN - Humke",
            "frequencyMhz": 479.25,
            "organization": "OBN",
            "stationClass": "BT"
          },
          {
            "name": "TV FBiH - Humke",
            "frequencyMhz": 735.25,
            "organization": "TV Bel Kanal",
            "stationClass": "BT"
          },
          {
            "name": "BHT 1 - Humke",
            "frequencyMhz": 203.25,
            "organization": "BHRT - BHT 1",
            "stationClass": "BT"
          }
        ]
      }
    },
    {
      "type": "Feature",
      "geometry": {
        "type": "Point",
        "coordinates": [
          18.725667,
          44.220333
        ]
      },
      "properties": {
        "siteId": "BRATILO-01",
        "name": "BRATILO-01",
        "transmitters": [
          {
            "name": "BH Radio 1 - Bratilo",
            "frequencyMhz": 100.2,
            "organization": "BH Radio 1",
            "serviceType": "FM Broadcasting",
            "stationClass": "BC"
          },
          {
            "name": "Radio FBiH - Bratilo",
            "frequencyMhz": 94.5,
            "organization": "Radio Federacije BiH",
            "serviceType": "FM Broadcasting",
            "stationClass": "BC"
          },
          {
            "name": "RTV Kladanj - Bratilo",
            "frequencyMhz": 98.6,
            "organization": "RTV Kladanj",
            "serviceType": "FM Broadcasting",
            "stationClass": "BC"
          },
          {
            "name": "RTV Tk - Bratilo",
            "frequencyMhz": 87.9,
            "organization": "RTV Tk",
            "serviceType": "FM Broadcasting",
            "stationClass": "BC"
          },
          {
            "name": "Radio Kameleon - Bratilo",
            "frequencyMhz": 91.5,
            "organization": "Radio Kameleon",
            "serviceType": "FM Broadcasting",
            "stationClass": "BC"
          },
          {
            "name": "TV FBiH - Bratilo",
            "frequencyMhz": 647.25,
            "organization": "TV FBiH",
            "stationClass": "BT"
          },
          {
            "name": "BHT 1 - Bratilo",
            "frequencyMhz": 203.25,
            "organization": "BHRT - BHT 1",
            "stationClass": "BT"
          },
          {
            "name": "BHT 1 - Bratilo",
            "frequencyMhz": 196.25,
            "organization": "BHRT - BHT 1",
            "stationClass": "BT"
          }
        ]
      }
    },
    {
      "type": "Feature",
      "geometry": {
        "type": "Point",
        "coordinates": [
          18.673417,
          44.526333
        ]
      },
      "properties": {
        "siteId": "ILINCICA-01",
        "name": "ILINCICA-01",
        "transmitters": [
          {
            "name": "Radio FBiH - Ilincica",
            "frequencyMhz": 88.5,
            "organization": "Radio Federacije BiH",
            "serviceType": "FM Broadcasting",
            "stationClass": "BC"
          },
          {
            "name": "RTV Tk - Ilincica",
            "frequencyMhz": 90,
            "organization": "RTV Tk",
            "serviceType": "FM Broadcasting",
            "stationClass": "BC"
          },
          {
            "name": "Radio Kameleon - Ilincica",
            "frequencyMhz": 102.7,
            "organization": "Radio Kameleon",
            "serviceType": "FM Broadcasting",
            "stationClass": "BC"
          },
          {
            "name": "Radio BM - Ilincica",
            "frequencyMhz": 94.6,
            "organization": "Radio BM",
            "serviceType": "FM Broadcasting",
            "stationClass": "BC"
          },
          {
            "name": "Radio Slon - Ilincica",
            "frequencyMhz": 89,
            "organization": "Radio Slon",
            "serviceType": "FM Broadcasting",
            "stationClass": "BC"
          },
          {
            "name": "RSG - Ilincica",
            "frequencyMhz": 104.3,
            "organization": "Radio Stari Grad",
            "serviceType": "FM Broadcasting",
            "stationClass": "BC"
          },
          {
            "name": "Radio Tuzla - Ilincica",
            "frequencyMhz": 94,
            "organization": "Radio Tuzla",
            "serviceType": "FM Broadcasting",
            "stationClass": "BC"
          },
          {
            "name": "Valentino - Ilincica",
            "frequencyMhz": 105.5,
            "organization": "Obiteljski radio Valentino",
            "serviceType": "FM Broadcasting",
            "stationClass": "BC"
          },
          {
            "name": "Kalman - Ilincica",
            "frequencyMhz": 107.8,
            "organization": "Radio Kalman",
            "serviceType": "FM Broadcasting",
            "stationClass": "BC"
          },
          {
            "name": "Vesta Radio - Ilincica",
            "frequencyMhz": 91.2,
            "organization": "Vesta Radio",
            "serviceType": "FM Broadcasting",
            "stationClass": "BC"
          },
          {
            "name": "Otvorena mreza - Ilincica",
            "frequencyMhz": 102.1,
            "organization": "Radio 'Otvorena mreza'",
            "serviceType": "FM Broadcasting",
            "stationClass": "BC"
          },
          {
            "name": "Radio Srebrenik - Ilincica",
            "frequencyMhz": 103,
            "organization": "Radio Srebrenik",
            "serviceType": "FM Broadcasting",
            "stationClass": "BC"
          },
          {
            "name": "TV Tuzlanska - Ilincica",
            "frequencyMhz": 759.25,
            "organization": "TV Tuzlanska",
            "stationClass": "BT"
          },
          {
            "name": "Televizija Slon - Ilincica",
            "frequencyMhz": 735.25,
            "organization": "Radio Slon",
            "stationClass": "BT"
          },
          {
            "name": "TV FBiH - Ilincica",
            "frequencyMhz": 711.25,
            "organization": "TV FBiH",
            "stationClass": "BT"
          },
          {
            "name": "BHT 1 - Ilincica",
            "frequencyMhz": 189.25,
            "organization": "BHRT - BHT 1",
            "stationClass": "BT"
          },
          {
            "name": "Radio ''M'' - Ilincica",
            "frequencyMhz": 106.3,
            "organization": "Radio ''M''",
            "serviceType": "FM Broadcasting",
            "stationClass": "BC"
          },
          {
            "name": "RTV BIR - Ilincica",
            "frequencyMhz": 95.4,
            "organization": "RTV BIR",
            "serviceType": "FM Broadcasting",
            "stationClass": "BC"
          }
        ]
      }
    },
    {
      "type": "Feature",
      "geometry": {
        "type": "Point",
        "coordinates": [
          17.815528,
          43.665722
        ]
      },
      "properties": {
        "siteId": "GRADAC-JBL",
        "name": "GRADAC-JBL",
        "transmitters": [
          {
            "name": "Radio FBiH - Gradac",
            "frequencyMhz": 90,
            "organization": "Radio Federacije BiH",
            "serviceType": "FM Broadcasting",
            "stationClass": "BC"
          },
          {
            "name": "RTV Konjic - Gradac",
            "frequencyMhz": 92,
            "organization": "RTV Konjic",
            "serviceType": "FM Broadcasting",
            "stationClass": "BC"
          },
          {
            "name": "OBN - Gradac",
            "frequencyMhz": 479.25,
            "organization": "OBN",
            "stationClass": "BT"
          },
          {
            "name": "TV Pink - Jablanica Gradac",
            "frequencyMhz": 543.25,
            "organization": "Pink BH Company-Radio",
            "stationClass": "BT"
          },
          {
            "name": "TV Hayat - Gradac Jbl",
            "frequencyMhz": 575.25,
            "organization": "Hayat",
            "stationClass": "BT"
          },
          {
            "name": "TV FBiH - Gradac",
            "frequencyMhz": 527.25,
            "organization": "TV FBiH",
            "stationClass": "BT"
          },
          {
            "name": "BHT 1 - Gradac -Jablanica",
            "frequencyMhz": 182.25,
            "organization": "BHRT - BHT 1",
            "stationClass": "BT"
          }
        ]
      }
    },
    {
      "type": "Feature",
      "geometry": {
        "type": "Point",
        "coordinates": [
          17.253944,
          44.338306
        ]
      },
      "properties": {
        "siteId": "CUSINE-01",
        "name": "CUSINE-01",
        "transmitters": [
          {
            "name": "RTV Jajce - Cusine",
            "frequencyMhz": 92,
            "organization": "HRTV Jajce",
            "serviceType": "FM Broadcasting",
            "stationClass": "BC"
          },
          {
            "name": "Valentino - Cusine",
            "frequencyMhz": 95.6,
            "organization": "Obiteljski radio Valentino",
            "serviceType": "FM Broadcasting",
            "stationClass": "BC"
          },
          {
            "name": "Otvorena mreza - Cusine",
            "frequencyMhz": 98.3,
            "organization": "Radio 'Otvorena mreza'",
            "serviceType": "FM Broadcasting",
            "stationClass": "BC"
          },
          {
            "name": "OBN - Cusine",
            "frequencyMhz": 599.25,
            "organization": "OBN",
            "stationClass": "BT"
          },
          {
            "name": "TV Valentino - Cusine",
            "frequencyMhz": 647.25,
            "organization": "Obiteljski radio Valentino",
            "stationClass": "BT"
          },
          {
            "name": "TV Pink - Cusine",
            "frequencyMhz": 639.25,
            "organization": "Pink BH Company-Radio",
            "stationClass": "BT"
          },
          {
            "name": "TV FBiH - Cusine",
            "frequencyMhz": 503.25,
            "organization": "TV FBiH",
            "stationClass": "BT"
          },
          {
            "name": "BHT 1 - Cusine",
            "frequencyMhz": 175.25,
            "organization": "BHRT - BHT 1",
            "stationClass": "BT"
          }
        ]
      }
    },
    {
      "type": "Feature",
      "geometry": {
        "type": "Point",
        "coordinates": [
          17.279222,
          44.2395
        ]
      },
      "properties": {
        "siteId": "VLACEK-01",
        "name": "VLACEK-01",
        "transmitters": [
          {
            "name": "RTV Jajce - Vlacek",
            "frequencyMhz": 99.2,
            "organization": "HRTV Jajce",
            "serviceType": "FM Broadcasting",
            "stationClass": "BC"
          }
        ]
      }
    },
    {
      "type": "Feature",
      "geometry": {
        "type": "Point",
        "coordinates": [
          17.738944,
          44.215
        ]
      },
      "properties": {
        "siteId": "GRADAC-NTR",
        "name": "GRADAC-NTR",
        "transmitters": [
          {
            "name": "Drukciji radio - Gradac",
            "frequencyMhz": 98.3,
            "organization": "Drukčiji radio",
            "serviceType": "FM Broadcasting",
            "stationClass": "BC"
          },
          {
            "name": "MIR Medjugorje - Gradac",
            "frequencyMhz": 100,
            "organization": "Radio postaja MIR Međugorje",
            "serviceType": "FM Broadcasting",
            "stationClass": "BC"
          },
          {
            "name": "HRT Kiseljak - Gradac",
            "frequencyMhz": 93.8,
            "organization": "HRT Kiseljak - Radio postaja",
            "serviceType": "FM Broadcasting",
            "stationClass": "BC"
          },
          {
            "name": "KISS TV - Gradac",
            "frequencyMhz": 743.25,
            "organization": "HRT Kiseljak - KISS TV",
            "stationClass": "BT"
          },
          {
            "name": "TV Hayat - Gradac",
            "frequencyMhz": 503.25,
            "organization": "Hayat",
            "stationClass": "BT"
          }
        ]
      }
    },
    {
      "type": "Feature",
      "geometry": {
        "type": "Point",
        "coordinates": [
          17.655,
          44.209167
        ]
      },
      "properties": {
        "siteId": "VILENICA-02",
        "name": "VILENICA-02",
        "transmitters": [
          {
            "name": "NRTV - Travnik",
            "frequencyMhz": 88.3,
            "organization": "NRTV Travnik",
            "serviceType": "FM Broadcasting",
            "stationClass": "BC"
          },
          {
            "name": "Radio BM - Vilenica",
            "frequencyMhz": 92.5,
            "organization": "Radio BM",
            "serviceType": "FM Broadcasting",
            "stationClass": "BC"
          },
          {
            "name": "Radio TNT - Vilenica",
            "frequencyMhz": 95.1,
            "organization": "Nezavisni radio TNT",
            "serviceType": "FM Broadcasting",
            "stationClass": "BC"
          },
          {
            "name": "RSG - Vilenica",
            "frequencyMhz": 104.3,
            "organization": "Radio Stari Grad",
            "serviceType": "FM Broadcasting",
            "stationClass": "BC"
          },
          {
            "name": "OBN - Vilenica",
            "frequencyMhz": 727.25,
            "organization": "OBN",
            "stationClass": "BT"
          },
          {
            "name": "TV Travnik - Vilenica",
            "frequencyMhz": 487.25,
            "organization": "NRTV Travnik",
            "stationClass": "BT"
          },
          {
            "name": "TV Pink - Vilenica",
            "frequencyMhz": 599.25,
            "organization": "Pink BH Company-Radio",
            "stationClass": "BT"
          },
          {
            "name": "TV Hayat - Vilenica",
            "frequencyMhz": 751.25,
            "organization": "Hayat",
            "stationClass": "BT"
          },
          {
            "name": "TV FBiH - Vilenica",
            "frequencyMhz": 519.25,
            "organization": "TV FBiH",
            "stationClass": "BT"
          },
          {
            "name": "BHT 1 - Vilenica",
            "frequencyMhz": 189.25,
            "organization": "BHRT - BHT 1",
            "stationClass": "BT"
          }
        ]
      }
    },
    {
      "type": "Feature",
      "geometry": {
        "type": "Point",
        "coordinates": [
          15.884167,
          44.885861
        ]
      },
      "properties": {
        "siteId": "BREKOVICA-01",
        "name": "BREKOVICA-01",
        "transmitters": [
          {
            "name": "RTV Bihac - Brekovica",
            "frequencyMhz": 92.3,
            "organization": "RTV Bihac",
            "serviceType": "FM Broadcasting",
            "stationClass": "BC"
          },
          {
            "name": "TV Cazin - Brekovica",
            "frequencyMhz": 551.3,
            "organization": "JP RTV Cazin",
            "stationClass": "BT"
          },
          {
            "name": "TV USK - Brekovica",
            "frequencyMhz": 631.25,
            "organization": "RTV USK",
            "stationClass": "BT"
          },
          {
            "name": "Alternativna Televizija - Brekovica",
            "frequencyMhz": 783.25,
            "organization": "Alternativna Televizija",
            "stationClass": "BT"
          },
          {
            "name": "TV PINK - Brekovica",
            "frequencyMhz": 535.25,
            "organization": "Pink BH Company-Radio",
            "stationClass": "BT"
          }
        ]
      }
    },
    {
      "type": "Feature",
      "geometry": {
        "type": "Point",
        "coordinates": [
          15.872056,
          44.800056
        ]
      },
      "properties": {
        "siteId": "MASKARE-01",
        "name": "MASKARE-01",
        "transmitters": [
          {
            "name": "RTV Bihac - Maskare",
            "frequencyMhz": 94.7,
            "organization": "RTV Bihac",
            "serviceType": "FM Broadcasting",
            "stationClass": "BC"
          },
          {
            "name": "Radio Velkaton - Maskare",
            "frequencyMhz": 107,
            "organization": "Radio Velkaton",
            "serviceType": "FM Broadcasting",
            "stationClass": "BC"
          }
        ]
      }
    },
    {
      "type": "Feature",
      "geometry": {
        "type": "Point",
        "coordinates": [
          17.454556,
          44.0135
        ]
      },
      "properties": {
        "siteId": "GLADOV-01",
        "name": "GLADOV-01",
        "transmitters": [
          {
            "name": "RTV Bugojno - Gladov",
            "frequencyMhz": 101,
            "organization": "RTV Bugojno",
            "serviceType": "FM Broadcasting",
            "stationClass": "BC"
          },
          {
            "name": "RTV Zenica - Gladov",
            "frequencyMhz": 95.6,
            "organization": "RTV Zenica",
            "serviceType": "FM Broadcasting",
            "stationClass": "BC"
          },
          {
            "name": "Radio TNT - Gladov",
            "frequencyMhz": 93.5,
            "organization": "Nezavisni radio TNT",
            "serviceType": "FM Broadcasting",
            "stationClass": "BC"
          },
          {
            "name": "RSG - Gladov",
            "frequencyMhz": 104.3,
            "organization": "Radio Stari Grad",
            "serviceType": "FM Broadcasting",
            "stationClass": "BC"
          },
          {
            "name": "OBN - Gladov",
            "frequencyMhz": 711.25,
            "organization": "OBN",
            "stationClass": "BT"
          },
          {
            "name": "TV Bugojno - Gladov",
            "frequencyMhz": 487.25,
            "organization": "RTV Bugojno",
            "stationClass": "BT"
          },
          {
            "name": "TV FBiH - Gladov",
            "frequencyMhz": 759.25,
            "organization": "TV FBiH",
            "stationClass": "BT"
          },
          {
            "name": "BHT 1 - Gladov",
            "frequencyMhz": 196.25,
            "organization": "BHRT - BHT 1",
            "stationClass": "BT"
          }
        ]
      }
    },
    {
      "type": "Feature",
      "geometry": {
        "type": "Point",
        "coordinates": [
          15.939583,
          44.974667
        ]
      },
      "properties": {
        "siteId": "HAJRULAHOVICA BRDO-01",
        "name": "HAJRULAHOVICA BRDO-01",
        "transmitters": [
          {
            "name": "RTV Cazin - Hajrulahovica brdo",
            "frequencyMhz": 89.9,
            "organization": "JP RTV Cazin",
            "serviceType": "FM Broadcasting",
            "stationClass": "BC"
          },
          {
            "name": "TV Cazin - Hajrulahovica Brdo",
            "frequencyMhz": 639.25,
            "organization": "JP RTV Cazin",
            "stationClass": "BT"
          },
          {
            "name": "TV USK - Hajrulahovica brdo",
            "frequencyMhz": 511.25,
            "organization": "RTV USK",
            "stationClass": "BT"
          },
          {
            "name": "BHT 1 - Hajrulahovica brdo",
            "frequencyMhz": 471.25,
            "organization": "BHRT - BHT 1",
            "stationClass": "BT"
          }
        ]
      }
    },
    {
      "type": "Feature",
      "geometry": {
        "type": "Point",
        "coordinates": [
          15.914944,
          45.029306
        ]
      },
      "properties": {
        "siteId": "SKOKOVI-01",
        "name": "SKOKOVI-01",
        "transmitters": [
          {
            "name": "RTV Cazin - Skokovi",
            "frequencyMhz": 98.8,
            "organization": "JP RTV Cazin",
            "serviceType": "FM Broadcasting",
            "stationClass": "BC"
          },
          {
            "name": "TV Cazin - Skokovi",
            "frequencyMhz": 551.25,
            "organization": "JP RTV Cazin",
            "stationClass": "BT"
          }
        ]
      }
    },
    {
      "type": "Feature",
      "geometry": {
        "type": "Point",
        "coordinates": [
          17.394806,
          44.124583
        ]
      },
      "properties": {
        "siteId": "URIJA-01",
        "name": "URIJA-01",
        "transmitters": [
          {
            "name": "RTV Donji Vakuf - Urija",
            "frequencyMhz": 88,
            "organization": "RTV Donji Vakuf",
            "serviceType": "FM Broadcasting",
            "stationClass": "BC"
          }
        ]
      }
    },
    {
      "type": "Feature",
      "geometry": {
        "type": "Point",
        "coordinates": [
          18.981083,
          43.661639
        ]
      },
      "properties": {
        "siteId": "BISERNA-01",
        "name": "BISERNA-01",
        "transmitters": [
          {
            "name": "RTV Gorazde - Biserna",
            "frequencyMhz": 101.5,
            "organization": "RTV Gorazde",
            "serviceType": "FM Broadcasting",
            "stationClass": "BC"
          },
          {
            "name": "RSG - Biserna",
            "frequencyMhz": 104.3,
            "organization": "Radio Stari Grad",
            "serviceType": "FM Broadcasting",
            "stationClass": "BC"
          },
          {
            "name": "OBN - Biserna",
            "frequencyMhz": 631.25,
            "organization": "OBN",
            "stationClass": "BT"
          },
          {
            "name": "TV Gorazde - Biserna",
            "frequencyMhz": 503.25,
            "organization": "RTV Gorazde",
            "stationClass": "BT"
          },
          {
            "name": "TV Pink - Biserna",
            "frequencyMhz": 599.25,
            "organization": "Pink BH Company-Radio",
            "stationClass": "BT"
          },
          {
            "name": "TV Hayat - Biserna",
            "frequencyMhz": 583.25,
            "organization": "Hayat",
            "stationClass": "BT"
          },
          {
            "name": "TV FBiH - Biserna",
            "frequencyMhz": 663.25,
            "organization": "TV FBiH",
            "stationClass": "BT"
          },
          {
            "name": "BHT 1 - Biserna",
            "frequencyMhz": 189.25,
            "organization": "BHRT - BHT 1",
            "stationClass": "BT"
          },
          {
            "name": "Radio Kalman - Biserna",
            "frequencyMhz": 91.5,
            "organization": "Radio Kalman",
            "serviceType": "FM Broadcasting",
            "stationClass": "BC"
          }
        ]
      }
    },
    {
      "type": "Feature",
      "geometry": {
        "type": "Point",
        "coordinates": [
          18.862806,
          43.712528
        ]
      },
      "properties": {
        "siteId": "CRIJETEZ-01",
        "name": "CRIJETEZ-01",
        "transmitters": [
          {
            "name": "RTV Gorazde - Crijetez",
            "frequencyMhz": 91.1,
            "organization": "RTV Gorazde",
            "serviceType": "FM Broadcasting",
            "stationClass": "BC"
          },
          {
            "name": "TV Gorazde - Crijetez",
            "frequencyMhz": 695.25,
            "organization": "RTV Gorazde",
            "stationClass": "BT"
          }
        ]
      }
    },
    {
      "type": "Feature",
      "geometry": {
        "type": "Point",
        "coordinates": [
          17.677222,
          45.083389
        ]
      },
      "properties": {
        "siteId": "MOTAJICA-01",
        "name": "MOTAJICA-01",
        "transmitters": [
          {
            "name": "RTV Herceg Bosna - Motajica",
            "frequencyMhz": 106,
            "organization": "RTV Herceg Bosna",
            "serviceType": "FM Broadcasting",
            "stationClass": "BC"
          },
          {
            "name": "Televizija Slobomir",
            "frequencyMhz": 655.25,
            "organization": "Radio Slobomir",
            "stationClass": "BT"
          }
        ]
      }
    },
    {
      "type": "Feature",
      "geometry": {
        "type": "Point",
        "coordinates": [
          17.555,
          43.894167
        ]
      },
      "properties": {
        "siteId": "ZEKINA GRUDA-01",
        "name": "ZEKINA GRUDA-01",
        "transmitters": [
          {
            "name": "RTV Herceg Bosna - Zekina gruda",
            "frequencyMhz": 91.4,
            "organization": "RTV Herceg Bosna",
            "serviceType": "FM Broadcasting",
            "stationClass": "BC"
          },
          {
            "name": "Radio Kupres - Zekina gruda",
            "frequencyMhz": 89.7,
            "organization": "Radio Kupres",
            "serviceType": "FM Broadcasting",
            "stationClass": "BC"
          },
          {
            "name": "HRT Kiseljak - Zekina gruda",
            "frequencyMhz": 103.4,
            "organization": "HRT Kiseljak - Radio postaja",
            "serviceType": "FM Broadcasting",
            "stationClass": "BC"
          },
          {
            "name": "KISS TV - Zekina gruda",
            "frequencyMhz": 607.25,
            "organization": "HRT Kiseljak - KISS TV",
            "stationClass": "BT"
          },
          {
            "name": "TV FBiH - Zekina Gruda",
            "frequencyMhz": 655.25,
            "organization": "TV FBiH",
            "stationClass": "BT"
          },
          {
            "name": "BHT 1 - Zekina gruda",
            "frequencyMhz": 503.25,
            "organization": "BHRT - BHT 1",
            "stationClass": "BT"
          }
        ]
      }
    },
    {
      "type": "Feature",
      "geometry": {
        "type": "Point",
        "coordinates": [
          17.391528,
          44.383944
        ]
      },
      "properties": {
        "siteId": "SUHI VRH-01",
        "name": "SUHI VRH-01",
        "transmitters": [
          {
            "name": "RTV  Herceg Bosna - Suhi vrh",
            "frequencyMhz": 103.5,
            "organization": "RTV Herceg Bosna",
            "serviceType": "FM Broadcasting",
            "stationClass": "BC"
          },
          {
            "name": "MIR Medjugorje - Suhi Vrh",
            "frequencyMhz": 87.8,
            "organization": "Radio postaja MIR Međugorje",
            "serviceType": "FM Broadcasting",
            "stationClass": "BC"
          },
          {
            "name": "TV FBiH - Suhi Vrh",
            "frequencyMhz": 623.25,
            "organization": "TV FBiH",
            "stationClass": "BT"
          },
          {
            "name": "BHT 1 - Suhi Vrh",
            "frequencyMhz": 479.25,
            "organization": "BHRT - BHT 1",
            "stationClass": "BT"
          }
        ]
      }
    },
    {
      "type": "Feature",
      "geometry": {
        "type": "Point",
        "coordinates": [
          17.588667,
          43.84125
        ]
      },
      "properties": {
        "siteId": "MAKLJEN-01",
        "name": "MAKLJEN-01",
        "transmitters": [
          {
            "name": "RTV Herceg Bosna - Makljen",
            "frequencyMhz": 95.4,
            "organization": "RTV Herceg Bosna",
            "serviceType": "FM Broadcasting",
            "stationClass": "BC"
          },
          {
            "name": "MIR Medjugorje - Makljen",
            "frequencyMhz": 104.7,
            "organization": "Radio postaja MIR Međugorje",
            "serviceType": "FM Broadcasting",
            "stationClass": "BC"
          },
          {
            "name": "Radio Rama - Makljen",
            "frequencyMhz": 88.8,
            "organization": "Radio postaja Rama",
            "serviceType": "FM Broadcasting",
            "stationClass": "BC"
          },
          {
            "name": "TV FBiH - Makljen",
            "frequencyMhz": 567.25,
            "organization": "TV FBiH",
            "stationClass": "BT"
          },
          {
            "name": "BHT 1 - Makljen",
            "frequencyMhz": 224.25,
            "organization": "BHRT - BHT 1",
            "stationClass": "BT"
          }
        ]
      }
    },
    {
      "type": "Feature",
      "geometry": {
        "type": "Point",
        "coordinates": [
          17.583861,
          43.700917
        ]
      },
      "properties": {
        "siteId": "BOROVA GLAVA-01",
        "name": "BOROVA GLAVA-01",
        "transmitters": [
          {
            "name": "RTV Herceg Bosna - Borova glava",
            "frequencyMhz": 101.1,
            "organization": "RTV Herceg Bosna",
            "serviceType": "FM Broadcasting",
            "stationClass": "BC"
          }
        ]
      }
    },
    {
      "type": "Feature",
      "geometry": {
        "type": "Point",
        "coordinates": [
          17.598639,
          42.917139
        ]
      },
      "properties": {
        "siteId": "KLEK NEUM-01",
        "name": "KLEK NEUM-01",
        "transmitters": [
          {
            "name": "RTV Herceg Bosna - Klek",
            "frequencyMhz": 107.3,
            "organization": "RTV Herceg Bosna",
            "serviceType": "FM Broadcasting",
            "stationClass": "BC"
          },
          {
            "name": "RSG - Klek",
            "frequencyMhz": 92.6,
            "organization": "Radio Stari Grad",
            "serviceType": "FM Broadcasting",
            "stationClass": "BC"
          },
          {
            "name": "TV Pink - Klek Neum",
            "frequencyMhz": 639.25,
            "organization": "Pink BH Company-Radio",
            "stationClass": "BT"
          }
        ]
      }
    },
    {
      "type": "Feature",
      "geometry": {
        "type": "Point",
        "coordinates": [
          17.966083,
          43.663278
        ]
      },
      "properties": {
        "siteId": "REPOVICA-01",
        "name": "REPOVICA-01",
        "transmitters": [
          {
            "name": "RTV Konjic - Repovica",
            "frequencyMhz": 92.3,
            "organization": "RTV Konjic",
            "serviceType": "FM Broadcasting",
            "stationClass": "BC"
          },
          {
            "name": "OBN - Repovica",
            "frequencyMhz": 495.25,
            "organization": "OBN",
            "stationClass": "BT"
          },
          {
            "name": "TV Hayat - Repovica",
            "frequencyMhz": 711.25,
            "organization": "Hayat",
            "stationClass": "BT"
          },
          {
            "name": "TV FBiH - Repovica",
            "frequencyMhz": 647.25,
            "organization": "TV FBiH",
            "stationClass": "BT"
          },
          {
            "name": "BHT 1 - Repovica",
            "frequencyMhz": 196.25,
            "organization": "BHRT - BHT 1",
            "stationClass": "BT"
          },
          {
            "name": "Radio ''M'' - Repovica",
            "frequencyMhz": 98.7,
            "organization": "Radio ''M''",
            "serviceType": "FM Broadcasting",
            "stationClass": "BC"
          }
        ]
      }
    },
    {
      "type": "Feature",
      "geometry": {
        "type": "Point",
        "coordinates": [
          18.433611,
          44.45
        ]
      },
      "properties": {
        "siteId": "VIJENAC-01",
        "name": "VIJENAC-01",
        "transmitters": [
          {
            "name": "RTV Lukavac - Vijenac",
            "frequencyMhz": 96.7,
            "organization": "RTV Lukavac",
            "serviceType": "FM Broadcasting",
            "stationClass": "BC"
          }
        ]
      }
    },
    {
      "type": "Feature",
      "geometry": {
        "type": "Point",
        "coordinates": [
          18.077611,
          44.539444
        ]
      },
      "properties": {
        "siteId": "SIKOLA-01",
        "name": "SIKOLA-01",
        "transmitters": [
          {
            "name": "RTV Maglaj - Sikola",
            "frequencyMhz": 94,
            "organization": "RTV Maglaj",
            "serviceType": "FM Broadcasting",
            "stationClass": "BC"
          },
          {
            "name": "TV Maglaj - Sikola",
            "frequencyMhz": 639.25,
            "organization": "RTV Maglaj",
            "stationClass": "BT"
          }
        ]
      }
    },
    {
      "type": "Feature",
      "geometry": {
        "type": "Point",
        "coordinates": [
          18.057861,
          44.619194
        ]
      },
      "properties": {
        "siteId": "TREBACKO BRDO-02",
        "name": "TREBACKO BRDO-02",
        "transmitters": [
          {
            "name": "RTV Tesanj - Trebacko brdo",
            "frequencyMhz": 92.2,
            "organization": "RTV Tesanj",
            "serviceType": "FM Broadcasting",
            "stationClass": "BC"
          },
          {
            "name": "Radio Usora - Trebacko brdo",
            "frequencyMhz": 98.7,
            "organization": "JP Radio Usora",
            "serviceType": "FM Broadcasting",
            "stationClass": "BC"
          },
          {
            "name": "Radio Zos - Trebacko brdo",
            "frequencyMhz": 107,
            "organization": "Radio Zos",
            "serviceType": "FM Broadcasting",
            "stationClass": "BC"
          },
          {
            "name": "NES radio - Trebacko brdo",
            "frequencyMhz": 95.5,
            "organization": "NES radio",
            "serviceType": "FM Broadcasting",
            "stationClass": "BC"
          },
          {
            "name": "Radio Antena - Trebacko brdo",
            "frequencyMhz": 88.7,
            "organization": "Radio Antena",
            "serviceType": "FM Broadcasting",
            "stationClass": "BC"
          },
          {
            "name": "NTV Amna - Trebacko Brdo",
            "frequencyMhz": 511.25,
            "organization": "NTV Amna",
            "stationClass": "BT"
          },
          {
            "name": "TV FBiH - Trebacko Brdo",
            "frequencyMhz": 711.25,
            "organization": "TV FBiH",
            "stationClass": "BT"
          },
          {
            "name": "BHT 1 - Trebacko brdo",
            "frequencyMhz": 631.25,
            "organization": "BHRT - BHT 1",
            "stationClass": "BT"
          },
          {
            "name": "Radio Kalman - Trebacko brdo",
            "frequencyMhz": 107.8,
            "organization": "Radio Kalman",
            "serviceType": "FM Broadcasting",
            "stationClass": "BC"
          }
        ]
      }
    },
    {
      "type": "Feature",
      "geometry": {
        "type": "Point",
        "coordinates": [
          17.201944,
          43.702222
        ]
      },
      "properties": {
        "siteId": "RUDINE-01",
        "name": "RUDINE-01",
        "transmitters": [
          {
            "name": "RTV Tomislavgrad - Rudine",
            "frequencyMhz": 95.9,
            "organization": "RTV Tomislavgrad",
            "serviceType": "FM Broadcasting",
            "stationClass": "BC"
          }
        ]
      }
    },
    {
      "type": "Feature",
      "geometry": {
        "type": "Point",
        "coordinates": [
          17.073333,
          43.604167
        ]
      },
      "properties": {
        "siteId": "DRVENIK-01",
        "name": "DRVENIK-01",
        "transmitters": [
          {
            "name": "RTV Tomislavgrad - Drvenik",
            "frequencyMhz": 95.1,
            "organization": "RTV Tomislavgrad",
            "serviceType": "FM Broadcasting",
            "stationClass": "BC"
          }
        ]
      }
    },
    {
      "type": "Feature",
      "geometry": {
        "type": "Point",
        "coordinates": [
          17.152111,
          43.773806
        ]
      },
      "properties": {
        "siteId": "IVOVIK-01",
        "name": "IVOVIK-01",
        "transmitters": [
          {
            "name": "RTV Tomislavgrad - Ivovik",
            "frequencyMhz": 103.3,
            "organization": "RTV Tomislavgrad",
            "serviceType": "FM Broadcasting",
            "stationClass": "BC"
          },
          {
            "name": "Radio Studio N - Ivovik",
            "frequencyMhz": 93.3,
            "organization": "Radio Studio N",
            "serviceType": "FM Broadcasting",
            "stationClass": "BC"
          },
          {
            "name": "RTV Herceh Bosna - Ivovik",
            "frequencyMhz": 103.9,
            "organization": "RTV Herceg Bosna",
            "serviceType": "FM Broadcasting",
            "stationClass": "BC"
          },
          {
            "name": "Radio Kupres - Ivovik",
            "frequencyMhz": 107.5,
            "organization": "Radio Kupres",
            "serviceType": "FM Broadcasting",
            "stationClass": "BC"
          },
          {
            "name": "TV FBiH - Ivovik",
            "frequencyMhz": 479.25,
            "organization": "TV FBiH",
            "stationClass": "BT"
          },
          {
            "name": "BHT 1 - Ivovik",
            "frequencyMhz": 182.25,
            "organization": "BHRT - BHT 1",
            "stationClass": "BT"
          },
          {
            "name": "Radio Livno - Ivovik",
            "frequencyMhz": 100.4,
            "organization": "Radio Livno",
            "serviceType": "FM Broadcasting",
            "stationClass": "BC"
          }
        ]
      }
    },
    {
      "type": "Feature",
      "geometry": {
        "type": "Point",
        "coordinates": [
          17.266278,
          43.999361
        ]
      },
      "properties": {
        "siteId": "OLOVO-KUPRES-01",
        "name": "OLOVO-KUPRES-01",
        "transmitters": [
          {
            "name": "RTV Tomislavgrad - Olovo-Kupres",
            "frequencyMhz": 98.3,
            "organization": "RTV Tomislavgrad",
            "serviceType": "FM Broadcasting",
            "stationClass": "BC"
          }
        ]
      }
    },
    {
      "type": "Feature",
      "geometry": {
        "type": "Point",
        "coordinates": [
          16.400278,
          44.193333
        ]
      },
      "properties": {
        "siteId": "OBLJAJ-01",
        "name": "OBLJAJ-01",
        "transmitters": [
          {
            "name": "RTV Tomislavgrad - Obljaj",
            "frequencyMhz": 105.8,
            "organization": "RTV Tomislavgrad",
            "serviceType": "FM Broadcasting",
            "stationClass": "BC"
          },
          {
            "name": "Radio Drvar - Obljaj",
            "frequencyMhz": 100,
            "organization": "Radio postaja Drvar",
            "serviceType": "FM Broadcasting",
            "stationClass": "BC"
          },
          {
            "name": "Radio Livno - Obljaj",
            "frequencyMhz": 91.5,
            "organization": "Radio Livno",
            "serviceType": "FM Broadcasting",
            "stationClass": "BC"
          },
          {
            "name": "Valentino - Obljaj",
            "frequencyMhz": 93.7,
            "organization": "Obiteljski radio Valentino",
            "serviceType": "FM Broadcasting",
            "stationClass": "BC"
          },
          {
            "name": "TV FBiH - Obljaj",
            "frequencyMhz": 519.25,
            "organization": "TV FBiH",
            "stationClass": "BT"
          },
          {
            "name": "BHT 1 - Obljaj",
            "frequencyMhz": 711.25,
            "organization": "BHRT - BHT 1",
            "stationClass": "BT"
          }
        ]
      }
    },
    {
      "type": "Feature",
      "geometry": {
        "type": "Point",
        "coordinates": [
          18.583583,
          44.702917
        ]
      },
      "properties": {
        "siteId": "OKRESANICA-01",
        "name": "OKRESANICA-01",
        "transmitters": [
          {
            "name": "RTV Tk - Okresanica",
            "frequencyMhz": 91.8,
            "organization": "RTV Tk",
            "serviceType": "FM Broadcasting",
            "stationClass": "BC"
          }
        ]
      }
    },
    {
      "type": "Feature",
      "geometry": {
        "type": "Point",
        "coordinates": [
          18.913694,
          44.468833
        ]
      },
      "properties": {
        "siteId": "JAJICI-01",
        "name": "JAJICI-01",
        "transmitters": [
          {
            "name": "RTV Tk - Jajici",
            "frequencyMhz": 104.4,
            "organization": "RTV Tk",
            "serviceType": "FM Broadcasting",
            "stationClass": "BC"
          },
          {
            "name": "Radio Feral - Jajici",
            "frequencyMhz": 100.4,
            "organization": "Neovisni Radio Feral",
            "serviceType": "FM Broadcasting",
            "stationClass": "BC"
          },
          {
            "name": "TV FBiH - Janjici",
            "frequencyMhz": 727.25,
            "organization": "TV FBiH",
            "stationClass": "BT"
          }
        ]
      }
    },
    {
      "type": "Feature",
      "geometry": {
        "type": "Point",
        "coordinates": [
          18.169583,
          44.425306
        ]
      },
      "properties": {
        "siteId": "KLEK-02",
        "name": "KLEK-02",
        "transmitters": [
          {
            "name": "RTV Tk - Klek",
            "frequencyMhz": 90.3,
            "organization": "RTV Tk",
            "serviceType": "FM Broadcasting",
            "stationClass": "BC"
          },
          {
            "name": "Radio Kameleon - Klek",
            "frequencyMhz": 98.3,
            "organization": "Radio Kameleon",
            "serviceType": "FM Broadcasting",
            "stationClass": "BC"
          },
          {
            "name": "Radio Tuzla - Klek",
            "frequencyMhz": 103.8,
            "organization": "Radio Tuzla",
            "serviceType": "FM Broadcasting",
            "stationClass": "BC"
          },
          {
            "name": "TV Pink - Klek",
            "frequencyMhz": 655.25,
            "organization": "Pink BH Company-Radio",
            "stationClass": "BT"
          },
          {
            "name": "TV FBiH - Klek",
            "frequencyMhz": 575.25,
            "organization": "TV FBiH",
            "stationClass": "BT"
          },
          {
            "name": "BHT 1 - Klek",
            "frequencyMhz": 189.25,
            "organization": "BHRT - BHT 1",
            "stationClass": "BT"
          }
        ]
      }
    },
    {
      "type": "Feature",
      "geometry": {
        "type": "Point",
        "coordinates": [
          18.524278,
          44.411306
        ]
      },
      "properties": {
        "siteId": "VIDIKOVAC-01",
        "name": "VIDIKOVAC-01",
        "transmitters": [
          {
            "name": "RTV Tk - Vidikovac",
            "frequencyMhz": 90.3,
            "organization": "RTV Tk",
            "serviceType": "FM Broadcasting",
            "stationClass": "BC"
          }
        ]
      }
    },
    {
      "type": "Feature",
      "geometry": {
        "type": "Point",
        "coordinates": [
          19.330944,
          44.109833
        ]
      },
      "properties": {
        "siteId": "KVARAC-01",
        "name": "KVARAC-01",
        "transmitters": [
          {
            "name": "RTV Tk - Kvarac",
            "frequencyMhz": 99.8,
            "organization": "RTV Tk",
            "serviceType": "FM Broadcasting",
            "stationClass": "BC"
          },
          {
            "name": "RTV BN - Kvarac",
            "frequencyMhz": 104.4,
            "organization": "RTV BN",
            "serviceType": "FM Broadcasting",
            "stationClass": "BC"
          },
          {
            "name": "Otvorena mreza - Kvarac",
            "frequencyMhz": 105.6,
            "organization": "Radio 'Otvorena mreza'",
            "serviceType": "FM Broadcasting",
            "stationClass": "BC"
          },
          {
            "name": "TV BN - Kvarac",
            "frequencyMhz": 615.25,
            "organization": "RTV BN",
            "stationClass": "BT"
          },
          {
            "name": "BHT 1 - Kvarac",
            "frequencyMhz": 591.25,
            "organization": "BHRT - BHT 1",
            "stationClass": "BT"
          },
          {
            "name": "Glas Drine - Kvarac",
            "frequencyMhz": 105.2,
            "organization": "Radio Glas Drine",
            "serviceType": "FM Broadcasting",
            "stationClass": "BC"
          }
        ]
      }
    },
    {
      "type": "Feature",
      "geometry": {
        "type": "Point",
        "coordinates": [
          15.870944,
          44.868389
        ]
      },
      "properties": {
        "siteId": "BREKOVICA-02",
        "name": "BREKOVICA-02",
        "transmitters": [
          {
            "name": "RTV USK - Brekovica",
            "frequencyMhz": 96.2,
            "organization": "RTV USK",
            "serviceType": "FM Broadcasting",
            "stationClass": "BC"
          },
          {
            "name": "Radio BM - Brekovica",
            "frequencyMhz": 99.1,
            "organization": "Radio BM",
            "serviceType": "FM Broadcasting",
            "stationClass": "BC"
          },
          {
            "name": "Otvorena mreza - Brekovica",
            "frequencyMhz": 107.4,
            "organization": "Radio 'Otvorena mreza'",
            "serviceType": "FM Broadcasting",
            "stationClass": "BC"
          },
          {
            "name": "OBN - Brekovica",
            "frequencyMhz": 575.25,
            "organization": "OBN",
            "stationClass": "BT"
          },
          {
            "name": "TV FBiH - Brekovica",
            "frequencyMhz": 615.25,
            "organization": "TV FBiH",
            "stationClass": "BT"
          },
          {
            "name": "BHT 1 - Brekovica",
            "frequencyMhz": 487.25,
            "organization": "BHRT - BHT 1",
            "stationClass": "BT"
          }
        ]
      }
    },
    {
      "type": "Feature",
      "geometry": {
        "type": "Point",
        "coordinates": [
          16.349611,
          44.603583
        ]
      },
      "properties": {
        "siteId": "STRAZBENICA-01",
        "name": "STRAZBENICA-01",
        "transmitters": [
          {
            "name": "RTV USK - Strazbenica",
            "frequencyMhz": 90.9,
            "organization": "RTV USK",
            "serviceType": "FM Broadcasting",
            "stationClass": "BC"
          },
          {
            "name": "TV USK - Strazbenica",
            "frequencyMhz": 631.25,
            "organization": "RTV USK",
            "stationClass": "BT"
          },
          {
            "name": "TV FBiH - Strazbenica",
            "frequencyMhz": 695.25,
            "organization": "TV FBiH",
            "stationClass": "BT"
          },
          {
            "name": "BHT 1 - Strazbenica",
            "frequencyMhz": 495.25,
            "organization": "BHRT - BHT 1",
            "stationClass": "BT"
          }
        ]
      }
    },
    {
      "type": "Feature",
      "geometry": {
        "type": "Point",
        "coordinates": [
          16.109611,
          44.574639
        ]
      },
      "properties": {
        "siteId": "BOSKOVA GREDA-01",
        "name": "BOSKOVA GREDA-01",
        "transmitters": [
          {
            "name": "RTV USK - Boskova greda",
            "frequencyMhz": 89.9,
            "organization": "RTV USK",
            "serviceType": "FM Broadcasting",
            "stationClass": "BC"
          },
          {
            "name": "Valentino - Boskovica greda",
            "frequencyMhz": 99.7,
            "organization": "Obiteljski radio Valentino",
            "serviceType": "FM Broadcasting",
            "stationClass": "BC"
          },
          {
            "name": "TV USK - Boskoviceva greda",
            "frequencyMhz": 511.25,
            "organization": "RTV USK",
            "stationClass": "BT"
          },
          {
            "name": "TV FBiH - Boskovica greda",
            "frequencyMhz": 663.25,
            "organization": "TV FBiH",
            "stationClass": "BT"
          },
          {
            "name": "BHT 1 - Boskovica greda",
            "frequencyMhz": 224.25,
            "organization": "BHRT - BHT 1",
            "stationClass": "BT"
          }
        ]
      }
    },
    {
      "type": "Feature",
      "geometry": {
        "type": "Point",
        "coordinates": [
          18.189722,
          44.008806
        ]
      },
      "properties": {
        "siteId": "KRUSCICA-01",
        "name": "KRUSCICA-01",
        "transmitters": [
          {
            "name": "RTV Visoko - Kruscica",
            "frequencyMhz": 92.3,
            "organization": "RTV Visoko",
            "serviceType": "FM Broadcasting",
            "stationClass": "BC"
          },
          {
            "name": "Radio Q - Kruscica",
            "frequencyMhz": 105.2,
            "organization": "Radio Q",
            "serviceType": "FM Broadcasting",
            "stationClass": "BC"
          },
          {
            "name": "TV Hayat - Kruscica",
            "frequencyMhz": 639.25,
            "organization": "Hayat",
            "stationClass": "BT"
          },
          {
            "name": "TV FBiH - Kruscica",
            "frequencyMhz": 559.25,
            "organization": "TV FBiH",
            "stationClass": "BT"
          },
          {
            "name": "TV FBiH - Kruscica - Visoko",
            "frequencyMhz": 527.25,
            "organization": "TV FBiH",
            "stationClass": "BT"
          },
          {
            "name": "BHT 1 - Kruscica-Visoko",
            "frequencyMhz": 210.25,
            "organization": "BHRT - BHT 1",
            "stationClass": "BT"
          }
        ]
      }
    },
    {
      "type": "Feature",
      "geometry": {
        "type": "Point",
        "coordinates": [
          18.101944,
          44.536667
        ]
      },
      "properties": {
        "siteId": "BORIK-01",
        "name": "BORIK-01",
        "transmitters": [
          {
            "name": "RTV Zenica - Borik",
            "frequencyMhz": 103,
            "organization": "RTV Zenica",
            "serviceType": "FM Broadcasting",
            "stationClass": "BC"
          },
          {
            "name": "TV FBiH - Borik",
            "frequencyMhz": 503.25,
            "organization": "TV FBiH",
            "stationClass": "BT"
          },
          {
            "name": "BHT 1 - Boril",
            "frequencyMhz": 182.25,
            "organization": "BHRT - BHT 1",
            "stationClass": "BT"
          },
          {
            "name": "BHT 1 - Borik",
            "frequencyMhz": 175.25,
            "organization": "BHRT - BHT 1",
            "stationClass": "BT"
          }
        ]
      }
    },
    {
      "type": "Feature",
      "geometry": {
        "type": "Point",
        "coordinates": [
          17.917222,
          44.336389
        ]
      },
      "properties": {
        "siteId": "NEMILA-01",
        "name": "NEMILA-01",
        "transmitters": [
          {
            "name": "RTV Zenica - Nemila",
            "frequencyMhz": 103.1,
            "organization": "RTV Zenica",
            "serviceType": "FM Broadcasting",
            "stationClass": "BC"
          },
          {
            "name": "TV FBiH - Nemila",
            "frequencyMhz": 503.25,
            "organization": "TV FBiH",
            "stationClass": "BT"
          }
        ]
      }
    },
    {
      "type": "Feature",
      "geometry": {
        "type": "Point",
        "coordinates": [
          17.85075,
          44.267528
        ]
      },
      "properties": {
        "siteId": "LISAC-01",
        "name": "LISAC-01",
        "transmitters": [
          {
            "name": "RTV Zenica - Lisac",
            "frequencyMhz": 106.6,
            "organization": "RTV Zenica",
            "serviceType": "FM Broadcasting",
            "stationClass": "BC"
          },
          {
            "name": "Radio Kameleon - Lisac",
            "frequencyMhz": 101.2,
            "organization": "Radio Kameleon",
            "serviceType": "FM Broadcasting",
            "stationClass": "BC"
          },
          {
            "name": "Radio BM - Lisac",
            "frequencyMhz": 99.3,
            "organization": "Radio BM",
            "serviceType": "FM Broadcasting",
            "stationClass": "BC"
          },
          {
            "name": "RSG - Lisac",
            "frequencyMhz": 97.5,
            "organization": "Radio Stari Grad",
            "serviceType": "FM Broadcasting",
            "stationClass": "BC"
          },
          {
            "name": "Radio Zenit - Lisac",
            "frequencyMhz": 100.7,
            "organization": "Radio Zenit",
            "serviceType": "FM Broadcasting",
            "stationClass": "BC"
          },
          {
            "name": "Kalman - Lisac",
            "frequencyMhz": 107.8,
            "organization": "Radio Kalman",
            "serviceType": "FM Broadcasting",
            "stationClass": "BC"
          },
          {
            "name": "OBN - Lisac",
            "frequencyMhz": 695.25,
            "organization": "OBN",
            "stationClass": "BT"
          },
          {
            "name": "TV Pink - Lisac",
            "frequencyMhz": 759.25,
            "organization": "Pink BH Company-Radio",
            "stationClass": "BT"
          },
          {
            "name": "TV Hayat - Lisac",
            "frequencyMhz": 775.25,
            "organization": "Hayat",
            "stationClass": "BT"
          },
          {
            "name": "TV FBiH - Lisac",
            "frequencyMhz": 615.25,
            "organization": "TV FBiH",
            "stationClass": "BT"
          },
          {
            "name": "BHT 1 - Lisac",
            "frequencyMhz": 224.25,
            "organization": "BHRT - BHT 1",
            "stationClass": "BT"
          },
          {
            "name": "Narodni radio Zenica - Lisac",
            "frequencyMhz": 93.4,
            "organization": "Nezavisni radio TNT",
            "serviceType": "FM Broadcasting",
            "stationClass": "BC"
          }
        ]
      }
    },
    {
      "type": "Feature",
      "geometry": {
        "type": "Point",
        "coordinates": [
          19.132111,
          44.151889
        ]
      },
      "properties": {
        "siteId": "VITICA BRDO-01",
        "name": "VITICA BRDO-01",
        "transmitters": [
          {
            "name": "NRTV  Birac - Vitica brdo",
            "frequencyMhz": 90.8,
            "organization": "NRTV Birac",
            "serviceType": "FM Broadcasting",
            "stationClass": "BC"
          }
        ]
      }
    },
    {
      "type": "Feature",
      "geometry": {
        "type": "Point",
        "coordinates": [
          18.925194,
          44.180806
        ]
      },
      "properties": {
        "siteId": "KIK-01",
        "name": "KIK-01",
        "transmitters": [
          {
            "name": "NRTV Birac - Kik",
            "frequencyMhz": 93.2,
            "organization": "NRTV Birac",
            "serviceType": "FM Broadcasting",
            "stationClass": "BC"
          },
          {
            "name": "Radio RS - Vlasenica Kik",
            "frequencyMhz": 92.4,
            "organization": "Radio RS",
            "serviceType": "FM Broadcasting",
            "stationClass": "BC"
          },
          {
            "name": "Televizija RS - Kik",
            "frequencyMhz": 217.25,
            "organization": "RTRS - Televizija RS",
            "stationClass": "BT"
          }
        ]
      }
    },
    {
      "type": "Feature",
      "geometry": {
        "type": "Point",
        "coordinates": [
          18.949639,
          44.087667
        ]
      },
      "properties": {
        "siteId": "TRESNJEVAC-01",
        "name": "TRESNJEVAC-01",
        "transmitters": [
          {
            "name": "NRTV Birac - Tresnjevac",
            "frequencyMhz": 87.7,
            "organization": "NRTV Birac",
            "serviceType": "FM Broadcasting",
            "stationClass": "BC"
          }
        ]
      }
    },
    {
      "type": "Feature",
      "geometry": {
        "type": "Point",
        "coordinates": [
          18.126806,
          44.759694
        ]
      },
      "properties": {
        "siteId": "CIGANISTE-01",
        "name": "CIGANISTE-01",
        "transmitters": [
          {
            "name": "RTV Big II program - Ciganiste",
            "frequencyMhz": 97.5,
            "organization": "RTV BIG",
            "serviceType": "FM Broadcasting",
            "stationClass": "BC"
          },
          {
            "name": "Radio Doboj - Ciganiste",
            "frequencyMhz": 96.3,
            "organization": "Radio Doboj",
            "serviceType": "FM Broadcasting",
            "stationClass": "BC"
          },
          {
            "name": "TV Pink - Ciganiste",
            "frequencyMhz": 663.25,
            "organization": "Pink BH Company-Radio",
            "stationClass": "BT"
          },
          {
            "name": "Televizija RS - Ciganiste",
            "frequencyMhz": 591.25,
            "organization": "RTRS - Televizija RS",
            "stationClass": "BT"
          },
          {
            "name": "R6 SRRS Trebava-Ciganište",
            "frequencyMhz": 145.75,
            "organization": "Savez radioamatera RS",
            "stationClass": "AT"
          }
        ]
      }
    },
    {
      "type": "Feature",
      "geometry": {
        "type": "Point",
        "coordinates": [
          18.068111,
          44.741361
        ]
      },
      "properties": {
        "siteId": "ANKARE-01",
        "name": "ANKARE-01",
        "transmitters": [
          {
            "name": "RTV BN - Ankare",
            "frequencyMhz": 91.6,
            "organization": "RTV BN",
            "serviceType": "FM Broadcasting",
            "stationClass": "BC"
          },
          {
            "name": "Radio RS - Ankare",
            "frequencyMhz": 100.6,
            "organization": "Radio RS",
            "serviceType": "FM Broadcasting",
            "stationClass": "BC"
          },
          {
            "name": "RSG - Ankare",
            "frequencyMhz": 104.3,
            "organization": "Radio Stari Grad",
            "serviceType": "FM Broadcasting",
            "stationClass": "BC"
          },
          {
            "name": "Pink BH - Ankare",
            "frequencyMhz": 87.9,
            "organization": "Pink BH Company-Radio",
            "serviceType": "FM Broadcasting",
            "stationClass": "BC"
          },
          {
            "name": "TV BN - Ankare",
            "frequencyMhz": 695.25,
            "organization": "RTV BIR",
            "stationClass": "BT"
          }
        ]
      }
    },
    {
      "type": "Feature",
      "geometry": {
        "type": "Point",
        "coordinates": [
          18.210417,
          45.006611
        ]
      },
      "properties": {
        "siteId": "BIJELI POTOK-01",
        "name": "BIJELI POTOK-01",
        "transmitters": [
          {
            "name": "RTV BN - Bijeli potok",
            "frequencyMhz": 104.1,
            "organization": "RTV BN",
            "serviceType": "FM Broadcasting",
            "stationClass": "BC"
          },
          {
            "name": "TV Hit - Bijeli Potok",
            "frequencyMhz": 551.25,
            "organization": "RTV Hit",
            "stationClass": "BT"
          },
          {
            "name": "TV Vikom - Bijeli Potok",
            "frequencyMhz": 599.25,
            "organization": "RTV Vikom",
            "stationClass": "BT"
          },
          {
            "name": "TV BN - Bijeli Potok",
            "frequencyMhz": 759.25,
            "organization": "RTV BN",
            "stationClass": "BT"
          },
          {
            "name": "TV Pink - Bijeli Potok",
            "frequencyMhz": 719.25,
            "organization": "Pink BH Company-Radio",
            "stationClass": "BT"
          },
          {
            "name": "Alternativna Televizija - Bijeli potok",
            "frequencyMhz": 647.25,
            "organization": "Alternativna Televizija",
            "stationClass": "BT"
          }
        ]
      }
    },
    {
      "type": "Feature",
      "geometry": {
        "type": "Point",
        "coordinates": [
          17.910694,
          44.97225
        ]
      },
      "properties": {
        "siteId": "DERVENTA-01",
        "name": "DERVENTA-01",
        "transmitters": [
          {
            "name": "RTV BN - Derventa",
            "frequencyMhz": 104.1,
            "organization": "RTV BN",
            "serviceType": "FM Broadcasting",
            "stationClass": "BC"
          },
          {
            "name": "TV BN - Derventa",
            "frequencyMhz": 631.25,
            "organization": "RTV BN",
            "stationClass": "BT"
          }
        ]
      }
    },
    {
      "type": "Feature",
      "geometry": {
        "type": "Point",
        "coordinates": [
          18.844639,
          44.565694
        ]
      },
      "properties": {
        "siteId": "BUSIJA-01",
        "name": "BUSIJA-01",
        "transmitters": [
          {
            "name": "RTV BN - Busija",
            "frequencyMhz": 93.1,
            "organization": "RTV BN",
            "serviceType": "FM Broadcasting",
            "stationClass": "BC"
          },
          {
            "name": "Radio Bobar - Busija",
            "frequencyMhz": 100.9,
            "organization": "Radio Bobar",
            "serviceType": "FM Broadcasting",
            "stationClass": "BC"
          }
        ]
      }
    },
    {
      "type": "Feature",
      "geometry": {
        "type": "Point",
        "coordinates": [
          19.214917,
          44.768222
        ]
      },
      "properties": {
        "siteId": "BIJELJINA-01",
        "name": "BIJELJINA-01",
        "transmitters": [
          {
            "name": "RTV BN - Bijeljina",
            "frequencyMhz": 93.4,
            "organization": "RTV BN",
            "serviceType": "FM Broadcasting",
            "stationClass": "BC"
          },
          {
            "name": "Radio Slobomir - Bijeljina silos",
            "frequencyMhz": 88.4,
            "organization": "Radio Slobomir",
            "serviceType": "FM Broadcasting",
            "stationClass": "BC"
          }
        ]
      }
    },
    {
      "type": "Feature",
      "geometry": {
        "type": "Point",
        "coordinates": [
          19.152222,
          44.5525
        ]
      },
      "properties": {
        "siteId": "SEPAK-01",
        "name": "SEPAK-01",
        "transmitters": [
          {
            "name": "RTV BN - Sepak",
            "frequencyMhz": 93.4,
            "organization": "RTV BN",
            "serviceType": "FM Broadcasting",
            "stationClass": "BC"
          },
          {
            "name": "Glas Drine - Gornji Sepak",
            "frequencyMhz": 99.6,
            "organization": "Radio Glas Drine",
            "serviceType": "FM Broadcasting",
            "stationClass": "BC"
          },
          {
            "name": "TV BN - Sepak",
            "frequencyMhz": 559.25,
            "organization": "RTV BN",
            "stationClass": "BT"
          },
          {
            "name": "Televizija RS - Sepak",
            "frequencyMhz": 471.25,
            "organization": "RTRS - Televizija RS",
            "stationClass": "BT"
          },
          {
            "name": "BHT 1 - Sepak",
            "frequencyMhz": 759.25,
            "organization": "BHRT - BHT 1",
            "stationClass": "BT"
          }
        ]
      }
    },
    {
      "type": "Feature",
      "geometry": {
        "type": "Point",
        "coordinates": [
          18.867111,
          44.277306
        ]
      },
      "properties": {
        "siteId": "BACKOVAC-01",
        "name": "BACKOVAC-01",
        "transmitters": [
          {
            "name": "RTV BN - Backovac",
            "frequencyMhz": 105.8,
            "organization": "RTV BN",
            "serviceType": "FM Broadcasting",
            "stationClass": "BC"
          },
          {
            "name": "Radio RS - Backovac",
            "frequencyMhz": 89.7,
            "organization": "Radio RS",
            "serviceType": "FM Broadcasting",
            "stationClass": "BC"
          },
          {
            "name": "Televizija RS - Backovac",
            "frequencyMhz": 551.25,
            "organization": "RTRS - Televizija RS",
            "stationClass": "BT"
          }
        ]
      }
    },
    {
      "type": "Feature",
      "geometry": {
        "type": "Point",
        "coordinates": [
          19.324139,
          44.153306
        ]
      },
      "properties": {
        "siteId": "CAUS-01",
        "name": "CAUS-01",
        "transmitters": [
          {
            "name": "RTV BN - Caus",
            "frequencyMhz": 95.8,
            "organization": "RTV BN",
            "serviceType": "FM Broadcasting",
            "stationClass": "BC"
          },
          {
            "name": "TV BN - Caus",
            "frequencyMhz": 543.25,
            "organization": "RTV BN",
            "stationClass": "BT"
          }
        ]
      }
    },
    {
      "type": "Feature",
      "geometry": {
        "type": "Point",
        "coordinates": [
          19.313389,
          43.764806
        ]
      },
      "properties": {
        "siteId": "MIRILOVICI-01",
        "name": "MIRILOVICI-01",
        "transmitters": [
          {
            "name": "RTV BN - Mirilovici",
            "frequencyMhz": 105.2,
            "organization": "RTV BN",
            "serviceType": "FM Broadcasting",
            "stationClass": "BC"
          },
          {
            "name": "Radio RS - Mirilovici",
            "frequencyMhz": 106,
            "organization": "Radio RS",
            "serviceType": "FM Broadcasting",
            "stationClass": "BC"
          },
          {
            "name": "Radio Istocno Sarajevo - Mirilovici",
            "frequencyMhz": 98.4,
            "organization": "Radio Istocno Sarajevo",
            "serviceType": "FM Broadcasting",
            "stationClass": "BC"
          },
          {
            "name": "Valentino - Mirilovici",
            "frequencyMhz": 95.2,
            "organization": "Obiteljski radio Valentino",
            "serviceType": "FM Broadcasting",
            "stationClass": "BC"
          },
          {
            "name": "Radio Visegrad - Mirilovici",
            "frequencyMhz": 104,
            "organization": "Radio Visegrad",
            "serviceType": "FM Broadcasting",
            "stationClass": "BC"
          },
          {
            "name": "RTV BIR - Mirilovici",
            "frequencyMhz": 95.9,
            "organization": "RTV BIR",
            "serviceType": "FM Broadcasting",
            "stationClass": "BC"
          },
          {
            "name": "OBN - Mirlovici",
            "frequencyMhz": 631.25,
            "organization": "OBN",
            "stationClass": "BT"
          },
          {
            "name": "Alternativna Televizija - Mirilovici",
            "frequencyMhz": 671.25,
            "organization": "Alternativna Televizija",
            "stationClass": "BT"
          },
          {
            "name": "TV BN - Mirilovici",
            "frequencyMhz": 663.25,
            "organization": "RTV BN",
            "stationClass": "BT"
          },
          {
            "name": "TV Valentino - Mirilovici",
            "frequencyMhz": 591.25,
            "organization": "Obiteljski radio Valentino",
            "stationClass": "BT"
          },
          {
            "name": "TV Pink - Mirilovici",
            "frequencyMhz": 511.25,
            "organization": "Pink BH Company-Radio",
            "stationClass": "BT"
          },
          {
            "name": "Televizija RS - Mirilovici",
            "frequencyMhz": 175.25,
            "organization": "RTRS - Televizija RS",
            "stationClass": "BT"
          },
          {
            "name": "BHT 1 - Mirilovici",
            "frequencyMhz": 607.25,
            "organization": "BHRT - BHT 1",
            "stationClass": "BT"
          }
        ]
      }
    },
    {
      "type": "Feature",
      "geometry": {
        "type": "Point",
        "coordinates": [
          19.029222,
          44.064194
        ]
      },
      "properties": {
        "siteId": "VELIKI ZEP-01",
        "name": "VELIKI ZEP-01",
        "transmitters": [
          {
            "name": "RTV BN - Veliki Zep",
            "frequencyMhz": 106.9,
            "organization": "RTV BN",
            "serviceType": "FM Broadcasting",
            "stationClass": "BC"
          },
          {
            "name": "Radio RS - Veliki Zep",
            "frequencyMhz": 90.3,
            "organization": "Radio RS",
            "serviceType": "FM Broadcasting",
            "stationClass": "BC"
          },
          {
            "name": "Radio Bobar - Veliki Zep",
            "frequencyMhz": 101.3,
            "organization": "Radio Bobar",
            "serviceType": "FM Broadcasting",
            "stationClass": "BC"
          },
          {
            "name": "Radio OSM - Veliki Zep",
            "frequencyMhz": 95.5,
            "organization": "Radio OSM",
            "serviceType": "FM Broadcasting",
            "stationClass": "BC"
          },
          {
            "name": "Radio Istocno Sarajevo - Veliki Zep",
            "frequencyMhz": 100.6,
            "organization": "Radio Istocno Sarajevo",
            "serviceType": "FM Broadcasting",
            "stationClass": "BC"
          },
          {
            "name": "Televizija RS - Veliki Zep",
            "frequencyMhz": 203.25,
            "organization": "RTRS - Televizija RS",
            "stationClass": "BT"
          },
          {
            "name": "BHT 1 - Veliki zep",
            "frequencyMhz": 495.25,
            "organization": "BHRT - BHT 1",
            "stationClass": "BT"
          },
          {
            "name": "R2 SRRS Veliki Žep",
            "frequencyMhz": 145.65,
            "organization": "Savez radioamatera RS",
            "stationClass": "AT"
          }
        ]
      }
    },
    {
      "type": "Feature",
      "geometry": {
        "type": "Point",
        "coordinates": [
          19.222056,
          43.914083
        ]
      },
      "properties": {
        "siteId": "KMUR-01",
        "name": "KMUR-01",
        "transmitters": [
          {
            "name": "RTV BN - Kmur",
            "frequencyMhz": 102.1,
            "organization": "RTV BN",
            "serviceType": "FM Broadcasting",
            "stationClass": "BC"
          }
        ]
      }
    },
    {
      "type": "Feature",
      "geometry": {
        "type": "Point",
        "coordinates": [
          19.089,
          43.826194
        ]
      },
      "properties": {
        "siteId": "TMOR-01",
        "name": "TMOR-01",
        "transmitters": [
          {
            "name": "RTV BN - Tmor",
            "frequencyMhz": 99.1,
            "organization": "RTV BN",
            "serviceType": "FM Broadcasting",
            "stationClass": "BC"
          },
          {
            "name": "Radio RS - Tmor",
            "frequencyMhz": 96.6,
            "organization": "Radio RS",
            "serviceType": "FM Broadcasting",
            "stationClass": "BC"
          },
          {
            "name": "Alternativna Televizija - Tmor",
            "frequencyMhz": 711.25,
            "organization": "Alternativna Televizija",
            "stationClass": "BT"
          },
          {
            "name": "TV BN - Tmor",
            "frequencyMhz": 663.25,
            "organization": "RTV BN",
            "stationClass": "BT"
          },
          {
            "name": "TV Pink - Tmor",
            "frequencyMhz": 519.25,
            "organization": "Pink BH Company-Radio",
            "stationClass": "BT"
          },
          {
            "name": "Televizija RS - Tmor",
            "frequencyMhz": 189.25,
            "organization": "RTRS - Televizija RS",
            "stationClass": "BT"
          },
          {
            "name": "BHT 1 - Tmor",
            "frequencyMhz": 759.25,
            "organization": "BHRT - BHT 1",
            "stationClass": "BT"
          }
        ]
      }
    },
    {
      "type": "Feature",
      "geometry": {
        "type": "Point",
        "coordinates": [
          17.929833,
          45.028556
        ]
      },
      "properties": {
        "siteId": "KOSTRES-01",
        "name": "KOSTRES-01",
        "transmitters": [
          {
            "name": "RTV Vikom - Kostres",
            "frequencyMhz": 89.6,
            "organization": "RTV Vikom",
            "serviceType": "FM Broadcasting",
            "stationClass": "BC"
          },
          {
            "name": "TV Vikom - Kostres",
            "frequencyMhz": 783.25,
            "organization": "RTV Vikom",
            "stationClass": "BT"
          }
        ]
      }
    },
    {
      "type": "Feature",
      "geometry": {
        "type": "Point",
        "coordinates": [
          17.826667,
          44.608056
        ]
      },
      "properties": {
        "siteId": "OSIVICA-01",
        "name": "OSIVICA-01",
        "transmitters": [
          {
            "name": "RTV Vikom - Osivica",
            "frequencyMhz": 91.1,
            "organization": "RTV Vikom",
            "serviceType": "FM Broadcasting",
            "stationClass": "BC"
          },
          {
            "name": "TV Vikom - Osivica",
            "frequencyMhz": 783.25,
            "organization": "RTV Vikom",
            "stationClass": "BT"
          }
        ]
      }
    },
    {
      "type": "Feature",
      "geometry": {
        "type": "Point",
        "coordinates": [
          18.124472,
          44.737583
        ]
      },
      "properties": {
        "siteId": "SVJETLICA-01",
        "name": "SVJETLICA-01",
        "transmitters": [
          {
            "name": "RTV Vikom - Svjetlica",
            "frequencyMhz": 91.1,
            "organization": "RTV Vikom",
            "serviceType": "FM Broadcasting",
            "stationClass": "BC"
          },
          {
            "name": "TV Vikom - Svjetlica",
            "frequencyMhz": 599.25,
            "organization": "RTV Vikom",
            "stationClass": "BT"
          }
        ]
      }
    },
    {
      "type": "Feature",
      "geometry": {
        "type": "Point",
        "coordinates": [
          18.897389,
          44.676444
        ]
      },
      "properties": {
        "siteId": "UDRIGOVO-01",
        "name": "UDRIGOVO-01",
        "transmitters": [
          {
            "name": "Radio RS - Udrigovo",
            "frequencyMhz": 89.9,
            "organization": "Radio RS",
            "serviceType": "FM Broadcasting",
            "stationClass": "BC"
          },
          {
            "name": "RTV Hit - Udrigovo",
            "frequencyMhz": 89.5,
            "organization": "RTV Hit",
            "serviceType": "FM Broadcasting",
            "stationClass": "BC"
          },
          {
            "name": "Radio Slobomir - Udrigovo",
            "frequencyMhz": 102.6,
            "organization": "Radio Slobomir",
            "serviceType": "FM Broadcasting",
            "stationClass": "BC"
          },
          {
            "name": "Radio Brcko - Udrigovo",
            "frequencyMhz": 92.8,
            "organization": "Radio Brcko distrikt",
            "serviceType": "FM Broadcasting",
            "stationClass": "BC"
          },
          {
            "name": "TV Hit - Udrigovo",
            "frequencyMhz": 511.25,
            "organization": "RTV Hit",
            "stationClass": "BT"
          },
          {
            "name": "NTV Studio Arena - Udrigovo",
            "frequencyMhz": 727.25,
            "organization": "NTV Studio Arena",
            "stationClass": "BT"
          },
          {
            "name": "Alternativna Televizija - Udrigovo",
            "frequencyMhz": 647.25,
            "organization": "Alternativna Televizija",
            "stationClass": "BT"
          },
          {
            "name": "TV BN - Udrigovo",
            "frequencyMhz": 559.25,
            "organization": "RTV BN",
            "stationClass": "BT"
          },
          {
            "name": "tv pINK - uDRIGOVO",
            "frequencyMhz": 487.25,
            "organization": "Pink BH Company-Radio",
            "stationClass": "BT"
          },
          {
            "name": "Televizija RS - Udrigovo",
            "frequencyMhz": 175.25,
            "organization": "RTRS - Televizija RS",
            "stationClass": "BT"
          },
          {
            "name": "Radio Das - Udrigovo",
            "frequencyMhz": 105.5,
            "organization": "Radio Das",
            "serviceType": "FM Broadcasting",
            "stationClass": "BC"
          },
          {
            "name": "Radio Skala - Udrigovo",
            "frequencyMhz": 96.8,
            "organization": "Radio Skala",
            "serviceType": "FM Broadcasting",
            "stationClass": "BC"
          },
          {
            "name": "NTV Studio Arena - Udrigovo2",
            "frequencyMhz": 575.25,
            "organization": "NTV Studio Arena",
            "stationClass": "BT"
          }
        ]
      }
    },
    {
      "type": "Feature",
      "geometry": {
        "type": "Point",
        "coordinates": [
          18.223333,
          44.853889
        ]
      },
      "properties": {
        "siteId": "DUGA NJIVA-01",
        "name": "DUGA NJIVA-01",
        "transmitters": [
          {
            "name": "Radio RS - Duga njiva",
            "frequencyMhz": 90.7,
            "organization": "Radio RS",
            "serviceType": "FM Broadcasting",
            "stationClass": "BC"
          },
          {
            "name": "Radio Bobar - Duge njive",
            "frequencyMhz": 100.9,
            "organization": "Radio Bobar",
            "serviceType": "FM Broadcasting",
            "stationClass": "BC"
          },
          {
            "name": "TV Pink - Duga Njiva",
            "frequencyMhz": 815.25,
            "organization": "Pink BH Company-Radio",
            "stationClass": "BT"
          },
          {
            "name": "Televizija RS - Duga njiva",
            "frequencyMhz": 224.25,
            "organization": "RTRS - Televizija RS",
            "stationClass": "BT"
          }
        ]
      }
    },
    {
      "type": "Feature",
      "geometry": {
        "type": "Point",
        "coordinates": [
          18.712944,
          43.476222
        ]
      },
      "properties": {
        "siteId": "KMUR-02",
        "name": "KMUR-02",
        "transmitters": [
          {
            "name": "Radio RS - Kmur",
            "frequencyMhz": 87.8,
            "organization": "Radio RS",
            "serviceType": "FM Broadcasting",
            "stationClass": "BC"
          },
          {
            "name": "Radio Bobar - Kmur",
            "frequencyMhz": 88.9,
            "organization": "Radio Bobar",
            "serviceType": "FM Broadcasting",
            "stationClass": "BC"
          },
          {
            "name": "Radio OSM - Kmur",
            "frequencyMhz": 103.5,
            "organization": "Radio OSM",
            "serviceType": "FM Broadcasting",
            "stationClass": "BC"
          },
          {
            "name": "Radio Foca - Kmur",
            "frequencyMhz": 92.5,
            "organization": "Radio Foca",
            "serviceType": "FM Broadcasting",
            "stationClass": "BC"
          },
          {
            "name": "Radio Istocno Sarajevo - Kmur",
            "frequencyMhz": 105,
            "organization": "Radio Istocno Sarajevo",
            "serviceType": "FM Broadcasting",
            "stationClass": "BC"
          },
          {
            "name": "RTV BIR - Kmur",
            "frequencyMhz": 101.7,
            "organization": "RTV BIR",
            "serviceType": "FM Broadcasting",
            "stationClass": "BC"
          },
          {
            "name": "TV Pink - Kmur",
            "frequencyMhz": 487.25,
            "organization": "Pink BH Company-Radio",
            "stationClass": "BT"
          },
          {
            "name": "Televizija RS - Kmur",
            "frequencyMhz": 182.25,
            "organization": "RTRS - Televizija RS",
            "stationClass": "BT"
          },
          {
            "name": "BHT 1 - Kmur",
            "frequencyMhz": 551.25,
            "organization": "BHRT - BHT 1",
            "stationClass": "BT"
          },
          {
            "name": "R5 SRRS Kmur",
            "frequencyMhz": 145.72,
            "organization": "Savez radioamatera RS",
            "stationClass": "AT"
          }
        ]
      }
    },
    {
      "type": "Feature",
      "geometry": {
        "type": "Point",
        "coordinates": [
          19.099556,
          44.394333
        ]
      },
      "properties": {
        "siteId": "VRATOLOMAC-01",
        "name": "VRATOLOMAC-01",
        "transmitters": [
          {
            "name": "Radio RS - Vratolomac",
            "frequencyMhz": 106.5,
            "organization": "Radio RS",
            "serviceType": "FM Broadcasting",
            "stationClass": "BC"
          },
          {
            "name": "Radio Slobomir - Vratolomac",
            "frequencyMhz": 98.3,
            "organization": "Radio Slobomir",
            "serviceType": "FM Broadcasting",
            "stationClass": "BC"
          },
          {
            "name": "TV Pink - Vratolomac",
            "frequencyMhz": 487.25,
            "organization": "Pink BH Company-Radio",
            "stationClass": "BT"
          },
          {
            "name": "Televizija RS - Vratolomac",
            "frequencyMhz": 203.25,
            "organization": "RTRS - Televizija RS",
            "stationClass": "BT"
          },
          {
            "name": "BHT 1 - Vratolomac",
            "frequencyMhz": 583.25,
            "organization": "BHRT - BHT 1",
            "stationClass": "BT"
          }
        ]
      }
    },
    {
      "type": "Feature",
      "geometry": {
        "type": "Point",
        "coordinates": [
          16.882583,
          44.406972
        ]
      },
      "properties": {
        "siteId": "DIMITOR-01",
        "name": "DIMITOR-01",
        "transmitters": [
          {
            "name": "Radio RS - Dimitor",
            "frequencyMhz": 95,
            "organization": "Radio RS",
            "serviceType": "FM Broadcasting",
            "stationClass": "BC"
          },
          {
            "name": "Televizija RS - Dimitor",
            "frequencyMhz": 196.25,
            "organization": "RTRS - Televizija RS",
            "stationClass": "BT"
          },
          {
            "name": "BHT 1 - Dimitor",
            "frequencyMhz": 551.25,
            "organization": "BHRT - BHT 1",
            "stationClass": "BT"
          }
        ]
      }
    },
    {
      "type": "Feature",
      "geometry": {
        "type": "Point",
        "coordinates": [
          18.281889,
          44.590917
        ]
      },
      "properties": {
        "siteId": "KRALJICA-01",
        "name": "KRALJICA-01",
        "transmitters": [
          {
            "name": "Radio RS - Kraljica",
            "frequencyMhz": 90.5,
            "organization": "Radio RS",
            "serviceType": "FM Broadcasting",
            "stationClass": "BC"
          },
          {
            "name": "Televizija RS - Kraljica",
            "frequencyMhz": 631.25,
            "organization": "RTRS - Televizija RS",
            "stationClass": "BT"
          }
        ]
      }
    },
    {
      "type": "Feature",
      "geometry": {
        "type": "Point",
        "coordinates": [
          18.106083,
          43.092778
        ]
      },
      "properties": {
        "siteId": "HRGUD-02",
        "name": "HRGUD-02",
        "transmitters": [
          {
            "name": "Radio RS - Hrgud",
            "frequencyMhz": 99.7,
            "organization": "Radio RS",
            "serviceType": "FM Broadcasting",
            "stationClass": "BC"
          },
          {
            "name": "Televizija RS - Hrgud",
            "frequencyMhz": 175.25,
            "organization": "RTRS - Televizija RS",
            "stationClass": "BT"
          },
          {
            "name": "RTV Herceg Bosna - Hrgud Paric",
            "frequencyMhz": 103.9,
            "organization": "RTV Herceg Bosna",
            "serviceType": "FM Broadcasting",
            "stationClass": "BC"
          }
        ]
      }
    },
    {
      "type": "Feature",
      "geometry": {
        "type": "Point",
        "coordinates": [
          17.37775,
          44.6165
        ]
      },
      "properties": {
        "siteId": "KOTOR VAROS-01",
        "name": "KOTOR VAROS-01",
        "transmitters": [
          {
            "name": "Radio RS - Kotor Varos g.",
            "frequencyMhz": 88,
            "organization": "Radio RS",
            "serviceType": "FM Broadcasting",
            "stationClass": "BC"
          },
          {
            "name": "Televizija RS - Kotor Varos",
            "frequencyMhz": 607.25,
            "organization": "RTRS - Televizija RS",
            "stationClass": "BT"
          },
          {
            "name": "BHT 1 - Kotor Varos",
            "frequencyMhz": 647.25,
            "organization": "BHRT - BHT 1",
            "stationClass": "BT"
          }
        ]
      }
    },
    {
      "type": "Feature",
      "geometry": {
        "type": "Point",
        "coordinates": [
          17.384444,
          44.484111
        ]
      },
      "properties": {
        "siteId": "KNEZEVO-01",
        "name": "KNEZEVO-01",
        "transmitters": [
          {
            "name": "Radio RS - Knezevo",
            "frequencyMhz": 96.1,
            "organization": "Radio RS",
            "serviceType": "FM Broadcasting",
            "stationClass": "BC"
          },
          {
            "name": "TV Hayat - Knezevo",
            "frequencyMhz": 671.25,
            "organization": "Hayat",
            "stationClass": "BT"
          },
          {
            "name": "Televizija RS - Knezevo",
            "frequencyMhz": 196.25,
            "organization": "RTRS - Televizija RS",
            "stationClass": "BT"
          },
          {
            "name": "BHT 1 - Skender Vakuf",
            "frequencyMhz": 615.25,
            "organization": "BHRT - BHT 1",
            "stationClass": "BT"
          }
        ]
      }
    },
    {
      "type": "Feature",
      "geometry": {
        "type": "Point",
        "coordinates": [
          16.542278,
          44.503917
        ]
      },
      "properties": {
        "siteId": "SRNEICA-01",
        "name": "SRNEICA-01",
        "transmitters": [
          {
            "name": "Radio RS - Srnetica",
            "frequencyMhz": 105.9,
            "organization": "Radio RS",
            "serviceType": "FM Broadcasting",
            "stationClass": "BC"
          }
        ]
      }
    },
    {
      "type": "Feature",
      "geometry": {
        "type": "Point",
        "coordinates": [
          18.779306,
          43.937333
        ]
      },
      "properties": {
        "siteId": "PUHOVAC-01",
        "name": "PUHOVAC-01",
        "transmitters": [
          {
            "name": "Radio RS - Puhovac",
            "frequencyMhz": 99.9,
            "organization": "Radio RS",
            "serviceType": "FM Broadcasting",
            "stationClass": "BC"
          },
          {
            "name": "Radio Istocno Sarajevo - Puhovac",
            "frequencyMhz": 88.3,
            "organization": "Radio Istocno Sarajevo",
            "serviceType": "FM Broadcasting",
            "stationClass": "BC"
          },
          {
            "name": "TV OSM - Puhovac",
            "frequencyMhz": 575.25,
            "organization": "Radio OSM",
            "stationClass": "BT"
          },
          {
            "name": "Alternativna Televizija - Puhovac",
            "frequencyMhz": 711.25,
            "organization": "Alternativna Televizija",
            "stationClass": "BT"
          },
          {
            "name": "TV BN - Puhovac",
            "frequencyMhz": 615.25,
            "organization": "RTV BN",
            "stationClass": "BT"
          },
          {
            "name": "TV Pink - Sokolac Puhovac",
            "frequencyMhz": 551.25,
            "organization": "Pink BH Company-Radio",
            "stationClass": "BT"
          },
          {
            "name": "Televizija RS - Puhovac",
            "frequencyMhz": 182.25,
            "organization": "RTRS - Televizija RS",
            "stationClass": "BT"
          }
        ]
      }
    },
    {
      "type": "Feature",
      "geometry": {
        "type": "Point",
        "coordinates": [
          18.295,
          44.966389
        ]
      },
      "properties": {
        "siteId": "MODRICA-SILOS-01",
        "name": "MODRICA-SILOS-01",
        "transmitters": [
          {
            "name": "Radio RS - Modrica-silos",
            "frequencyMhz": 107.6,
            "organization": "Radio RS",
            "serviceType": "FM Broadcasting",
            "stationClass": "BC"
          },
          {
            "name": "Televizija RS - Modrica silos",
            "frequencyMhz": 703.25,
            "organization": "RTRS - Televizija RS",
            "stationClass": "BT"
          }
        ]
      }
    },
    {
      "type": "Feature",
      "geometry": {
        "type": "Point",
        "coordinates": [
          19.315222,
          44.202278
        ]
      },
      "properties": {
        "siteId": "KIK-02",
        "name": "KIK-02",
        "transmitters": [
          {
            "name": "Radio RS - Kik",
            "frequencyMhz": 103.5,
            "organization": "Radio RS",
            "serviceType": "FM Broadcasting",
            "stationClass": "BC"
          },
          {
            "name": "BHT 1 - Kik 2",
            "frequencyMhz": 559.25,
            "organization": "BHRT - BHT 1",
            "stationClass": "BT"
          }
        ]
      }
    },
    {
      "type": "Feature",
      "geometry": {
        "type": "Point",
        "coordinates": [
          18.382,
          44.622667
        ]
      },
      "properties": {
        "siteId": "ILIJINO BRDO-01",
        "name": "ILIJINO BRDO-01",
        "transmitters": [
          {
            "name": "Radio RS - Ilijino brdo",
            "frequencyMhz": 107.3,
            "organization": "Radio RS",
            "serviceType": "FM Broadcasting",
            "stationClass": "BC"
          }
        ]
      }
    },
    {
      "type": "Feature",
      "geometry": {
        "type": "Point",
        "coordinates": [
          19.433333,
          43.633333
        ]
      },
      "properties": {
        "siteId": "SIROVA GORA-01",
        "name": "SIROVA GORA-01",
        "transmitters": [
          {
            "name": "Radio RS - Sirova gora",
            "frequencyMhz": 95.7,
            "organization": "Radio RS",
            "serviceType": "FM Broadcasting",
            "stationClass": "BC"
          },
          {
            "name": "RTV Rudo - Sirova Gora",
            "frequencyMhz": 615.25,
            "organization": "RTV Rudo",
            "stationClass": "BT"
          },
          {
            "name": "Televizija RS - Sirova gora",
            "frequencyMhz": 224.25,
            "organization": "RTRS - Televizija RS",
            "stationClass": "BT"
          },
          {
            "name": "BHT 1 - Sirova Gora",
            "frequencyMhz": 567.25,
            "organization": "BHRT - BHT 1",
            "stationClass": "BT"
          }
        ]
      }
    },
    {
      "type": "Feature",
      "geometry": {
        "type": "Point",
        "coordinates": [
          17.409361,
          43.374472
        ]
      },
      "properties": {
        "siteId": "GRUDE GRAD-01",
        "name": "GRUDE GRAD-01",
        "transmitters": [
          {
            "name": "Radio Grude - Grude grad",
            "frequencyMhz": 90.9,
            "organization": "RB BEST - Radio Grude",
            "serviceType": "FM Broadcasting",
            "stationClass": "BC"
          }
        ]
      }
    },
    {
      "type": "Feature",
      "geometry": {
        "type": "Point",
        "coordinates": [
          18.328333,
          44.716944
        ]
      },
      "properties": {
        "siteId": "STRAZBA-01",
        "name": "STRAZBA-01",
        "transmitters": [
          {
            "name": "Radio Kameleon - Strazba",
            "frequencyMhz": 95.9,
            "organization": "Radio Kameleon",
            "serviceType": "FM Broadcasting",
            "stationClass": "BC"
          },
          {
            "name": "TV Pink - Strazba",
            "frequencyMhz": 487.25,
            "organization": "Pink BH Company-Radio",
            "stationClass": "BT"
          },
          {
            "name": "Televizija Slon - Strazba",
            "frequencyMhz": 735.25,
            "organization": "Radio Slon",
            "stationClass": "BT"
          }
        ]
      }
    },
    {
      "type": "Feature",
      "geometry": {
        "type": "Point",
        "coordinates": [
          18.693278,
          44.522083
        ]
      },
      "properties": {
        "siteId": "SI SELO-01",
        "name": "SI SELO-01",
        "transmitters": [
          {
            "name": "Radio ''M'' - Si selo",
            "frequencyMhz": 106.3,
            "organization": "Radio ''M''",
            "serviceType": "FM Broadcasting",
            "stationClass": "BC"
          }
        ]
      }
    },
    {
      "type": "Feature",
      "geometry": {
        "type": "Point",
        "coordinates": [
          17.952806,
          44.211444
        ]
      },
      "properties": {
        "siteId": "KLOPACKE STIJENE-01",
        "name": "KLOPACKE STIJENE-01",
        "transmitters": [
          {
            "name": "Radio ''M'' - Klopacke stijene",
            "frequencyMhz": 89.8,
            "organization": "Radio ''M''",
            "serviceType": "FM Broadcasting",
            "stationClass": "BC"
          },
          {
            "name": "Radio TNT - Klopacke stijene",
            "frequencyMhz": 93.4,
            "organization": "Nezavisni radio TNT",
            "serviceType": "FM Broadcasting",
            "stationClass": "BC"
          },
          {
            "name": "TV Zenica - Klopacke stijene",
            "frequencyMhz": 631.25,
            "organization": "RTV Zenica",
            "stationClass": "BT"
          },
          {
            "name": "TV FBiH - Klopacke Stijene",
            "frequencyMhz": 479.25,
            "organization": "TV FBiH",
            "stationClass": "BT"
          },
          {
            "name": "BHT 1 - Klopacke stijene",
            "frequencyMhz": 182.25,
            "organization": "BHRT - BHT 1",
            "stationClass": "BT"
          },
          {
            "name": "BH Radio 1 - Klopacke stijene",
            "frequencyMhz": 89,
            "organization": "BH Radio 1",
            "serviceType": "FM Broadcasting",
            "stationClass": "BC"
          }
        ]
      }
    },
    {
      "type": "Feature",
      "geometry": {
        "type": "Point",
        "coordinates": [
          16.977083,
          44.972528
        ]
      },
      "properties": {
        "siteId": "KOZARA-02",
        "name": "KOZARA-02",
        "transmitters": [
          {
            "name": "MIR Medjugorje - Kozara",
            "frequencyMhz": 106.7,
            "organization": "Radio postaja MIR Međugorje",
            "serviceType": "FM Broadcasting",
            "stationClass": "BC"
          },
          {
            "name": "Radio Free - Kozara",
            "frequencyMhz": 105.7,
            "organization": "Free radio",
            "serviceType": "FM Broadcasting",
            "stationClass": "BC"
          }
        ]
      }
    },
    {
      "type": "Feature",
      "geometry": {
        "type": "Point",
        "coordinates": [
          17.968333,
          44.47
        ]
      },
      "properties": {
        "siteId": "MARTINSKI VIS-01",
        "name": "MARTINSKI VIS-01",
        "transmitters": [
          {
            "name": "MIR Medjugorje - Martinski Vis",
            "frequencyMhz": 100.1,
            "organization": "Radio postaja MIR Međugorje",
            "serviceType": "FM Broadcasting",
            "stationClass": "BC"
          },
          {
            "name": "Valentino - Martinski vis",
            "frequencyMhz": 97.8,
            "organization": "Obiteljski radio Valentino",
            "serviceType": "FM Broadcasting",
            "stationClass": "BC"
          },
          {
            "name": "RTV Herceg Bosna - Martinski vis",
            "frequencyMhz": 106,
            "organization": "RTV Herceg Bosna",
            "serviceType": "FM Broadcasting",
            "stationClass": "BC"
          },
          {
            "name": "TV FBiH - Martinski Vis",
            "frequencyMhz": 751.25,
            "organization": "TV FBiH",
            "stationClass": "BT"
          },
          {
            "name": "BHT 1 - Martinski Vis",
            "frequencyMhz": 495.25,
            "organization": "BHRT - BHT 1",
            "stationClass": "BT"
          }
        ]
      }
    },
    {
      "type": "Feature",
      "geometry": {
        "type": "Point",
        "coordinates": [
          17.475389,
          44.049056
        ]
      },
      "properties": {
        "siteId": "VUCIPOLJE-01",
        "name": "VUCIPOLJE-01",
        "transmitters": [
          {
            "name": "MIR Medjugorje - Vucipolje",
            "frequencyMhz": 101.8,
            "organization": "Radio postaja MIR Međugorje",
            "serviceType": "FM Broadcasting",
            "stationClass": "BC"
          },
          {
            "name": "RTV Herceg Bosna - Vucipolje",
            "frequencyMhz": 98.1,
            "organization": "RTV Herceg Bosna",
            "serviceType": "FM Broadcasting",
            "stationClass": "BC"
          }
        ]
      }
    },
    {
      "type": "Feature",
      "geometry": {
        "type": "Point",
        "coordinates": [
          18.742583,
          44.741028
        ]
      },
      "properties": {
        "siteId": "VRAZICI-01",
        "name": "VRAZICI-01",
        "transmitters": [
          {
            "name": "Radio Avaz - Vrazici",
            "frequencyMhz": 99.6,
            "organization": "Radio Avaz",
            "serviceType": "FM Broadcasting",
            "stationClass": "BC"
          }
        ]
      }
    },
    {
      "type": "Feature",
      "geometry": {
        "type": "Point",
        "coordinates": [
          17.945833,
          44.221667
        ]
      },
      "properties": {
        "siteId": "ZENICA-01",
        "name": "ZENICA-01",
        "transmitters": [
          {
            "name": "MIR Medjugorje - Zenica-Novo Selo",
            "frequencyMhz": 100.1,
            "organization": "Radio postaja MIR Međugorje",
            "serviceType": "FM Broadcasting",
            "stationClass": "BC"
          }
        ]
      }
    },
    {
      "type": "Feature",
      "geometry": {
        "type": "Point",
        "coordinates": [
          16.448111,
          44.307528
        ]
      },
      "properties": {
        "siteId": "VELIKA VISOKA-01",
        "name": "VELIKA VISOKA-01",
        "transmitters": [
          {
            "name": "Radio Drvar - Velika Visoka",
            "frequencyMhz": 89.5,
            "organization": "Radio postaja Drvar",
            "serviceType": "FM Broadcasting",
            "stationClass": "BC"
          },
          {
            "name": "BHT 1 - Velika Visoka",
            "frequencyMhz": 479.25,
            "organization": "BHRT - BHT 1",
            "stationClass": "BT"
          }
        ]
      }
    },
    {
      "type": "Feature",
      "geometry": {
        "type": "Point",
        "coordinates": [
          16.836,
          44.056694
        ]
      },
      "properties": {
        "siteId": "GLAMOC-01",
        "name": "GLAMOC-01",
        "transmitters": [
          {
            "name": "Radio Drvar - Glamoc",
            "frequencyMhz": 92.8,
            "organization": "Radio postaja Drvar",
            "serviceType": "FM Broadcasting",
            "stationClass": "BC"
          },
          {
            "name": "Radio Bobar - Glamoc grad",
            "frequencyMhz": 104.7,
            "organization": "Radio Bobar",
            "serviceType": "FM Broadcasting",
            "stationClass": "BC"
          }
        ]
      }
    },
    {
      "type": "Feature",
      "geometry": {
        "type": "Point",
        "coordinates": [
          18.108056,
          44.4495
        ]
      },
      "properties": {
        "siteId": "STRAZBENICA-02",
        "name": "STRAZBENICA-02",
        "transmitters": [
          {
            "name": "Radio Zepce - Strazbenica",
            "frequencyMhz": 88.2,
            "organization": "Radio Zepce",
            "serviceType": "FM Broadcasting",
            "stationClass": "BC"
          },
          {
            "name": "K-Projekt - Strazbenica",
            "frequencyMhz": 95.9,
            "organization": "K-Projekt Zepce",
            "serviceType": "FM Broadcasting",
            "stationClass": "BC"
          },
          {
            "name": "NTV Amna - Strazbenica",
            "frequencyMhz": 743.25,
            "organization": "NTV Amna",
            "stationClass": "BT"
          },
          {
            "name": "TV Hayat - Strazbenica",
            "frequencyMhz": 647.25,
            "organization": "Hayat",
            "stationClass": "BT"
          }
        ]
      }
    },
    {
      "type": "Feature",
      "geometry": {
        "type": "Point",
        "coordinates": [
          18.317778,
          45.001111
        ]
      },
      "properties": {
        "siteId": "ODZAK-01",
        "name": "ODZAK-01",
        "transmitters": [
          {
            "name": "Radio Odzak - Odzak",
            "frequencyMhz": 92.5,
            "organization": "Radio postaja Odzak",
            "serviceType": "FM Broadcasting",
            "stationClass": "BC"
          }
        ]
      }
    },
    {
      "type": "Feature",
      "geometry": {
        "type": "Point",
        "coordinates": [
          16.959944,
          43.707194
        ]
      },
      "properties": {
        "siteId": "PODGRADINA-01",
        "name": "PODGRADINA-01",
        "transmitters": [
          {
            "name": "Radio Livno - Podgradina",
            "frequencyMhz": 100.4,
            "organization": "Radio Livno",
            "serviceType": "FM Broadcasting",
            "stationClass": "BC"
          },
          {
            "name": "Radio Livno - Podgradina2",
            "frequencyMhz": 100.9,
            "organization": "Radio Livno",
            "serviceType": "FM Broadcasting",
            "stationClass": "BC"
          }
        ]
      }
    },
    {
      "type": "Feature",
      "geometry": {
        "type": "Point",
        "coordinates": [
          17.320861,
          43.991972
        ]
      },
      "properties": {
        "siteId": "VRANA-STOZER-01",
        "name": "VRANA-STOZER-01",
        "transmitters": [
          {
            "name": "Radio Kupres - Vrana-Stozer",
            "frequencyMhz": 90.5,
            "organization": "Radio Kupres",
            "serviceType": "FM Broadcasting",
            "stationClass": "BC"
          }
        ]
      }
    },
    {
      "type": "Feature",
      "geometry": {
        "type": "Point",
        "coordinates": [
          17.698528,
          44.234861
        ]
      },
      "properties": {
        "siteId": "PUTICEVO-01",
        "name": "PUTICEVO-01",
        "transmitters": [
          {
            "name": "Radio Kupres - Puticevo",
            "frequencyMhz": 90.5,
            "organization": "Radio Kupres",
            "serviceType": "FM Broadcasting",
            "stationClass": "BC"
          }
        ]
      }
    },
    {
      "type": "Feature",
      "geometry": {
        "type": "Point",
        "coordinates": [
          16.782444,
          44.541833
        ]
      },
      "properties": {
        "siteId": "LUBICA-01",
        "name": "LUBICA-01",
        "transmitters": [
          {
            "name": "Radio Kljuc - Lubica",
            "frequencyMhz": 94.3,
            "organization": "Radio Kljuc",
            "serviceType": "FM Broadcasting",
            "stationClass": "BC"
          },
          {
            "name": "TV USK - Lubica",
            "frequencyMhz": 615.25,
            "organization": "RTV USK",
            "stationClass": "BT"
          },
          {
            "name": "TV FBiH - Lubica",
            "frequencyMhz": 479.25,
            "organization": "TV FBiH",
            "stationClass": "BT"
          },
          {
            "name": "BHT 1 - Lubica",
            "frequencyMhz": 210.25,
            "organization": "BHRT - BHT 1",
            "stationClass": "BT"
          }
        ]
      }
    },
    {
      "type": "Feature",
      "geometry": {
        "type": "Point",
        "coordinates": [
          16.722194,
          44.590472
        ]
      },
      "properties": {
        "siteId": "RAMICKI KAMEN-01",
        "name": "RAMICKI KAMEN-01",
        "transmitters": [
          {
            "name": "Radio Kljuc - Ramicki kamen",
            "frequencyMhz": 99.1,
            "organization": "Radio Kljuc",
            "serviceType": "FM Broadcasting",
            "stationClass": "BC"
          },
          {
            "name": "TV USK - Ramicki kamen",
            "frequencyMhz": 631.25,
            "organization": "RTV USK",
            "stationClass": "BT"
          },
          {
            "name": "TV FBiH - Ramica Kamen",
            "frequencyMhz": 719.25,
            "organization": "TV FBiH",
            "stationClass": "BT"
          },
          {
            "name": "BHT 1 - Ramica Kamen",
            "frequencyMhz": 175.25,
            "organization": "BHRT - BHT 1",
            "stationClass": "BT"
          }
        ]
      }
    },
    {
      "type": "Feature",
      "geometry": {
        "type": "Point",
        "coordinates": [
          18.123611,
          44.126667
        ]
      },
      "properties": {
        "siteId": "PLANDISTE-01",
        "name": "PLANDISTE-01",
        "transmitters": [
          {
            "name": "Radio Kakanj - Plandiste",
            "frequencyMhz": 87.9,
            "organization": "Radio Kakanj",
            "serviceType": "FM Broadcasting",
            "stationClass": "BC"
          }
        ]
      }
    },
    {
      "type": "Feature",
      "geometry": {
        "type": "Point",
        "coordinates": [
          18.267778,
          43.960861
        ]
      },
      "properties": {
        "siteId": "KARASNICA-01",
        "name": "KARASNICA-01",
        "transmitters": [
          {
            "name": "Radio Ilijas - Karasnica",
            "frequencyMhz": 89.7,
            "organization": "Radio Ilijas",
            "serviceType": "FM Broadcasting",
            "stationClass": "BC"
          },
          {
            "name": "OBN - Karasnica",
            "frequencyMhz": 623.25,
            "organization": "OBN",
            "stationClass": "BT"
          },
          {
            "name": "TV Kantona Sarajevo - Karasnica",
            "frequencyMhz": 703.25,
            "organization": "JP TV Kantona Sarajevo",
            "stationClass": "BT"
          },
          {
            "name": "TV Hayat - Karasnica",
            "frequencyMhz": 519.25,
            "organization": "Hayat",
            "stationClass": "BT"
          },
          {
            "name": "TV FBiH - Karasnica",
            "frequencyMhz": 175.25,
            "organization": "TV FBiH",
            "stationClass": "BT"
          },
          {
            "name": "BHT 1 - Karasnica",
            "frequencyMhz": 479.25,
            "organization": "BHRT - BHT 1",
            "stationClass": "BT"
          }
        ]
      }
    },
    {
      "type": "Feature",
      "geometry": {
        "type": "Point",
        "coordinates": [
          18.459139,
          44.051389
        ]
      },
      "properties": {
        "siteId": "NISICI-01",
        "name": "NISICI-01",
        "transmitters": [
          {
            "name": "Radio Ilijas - Nisici",
            "frequencyMhz": 102.3,
            "organization": "Radio Ilijas",
            "serviceType": "FM Broadcasting",
            "stationClass": "BC"
          },
          {
            "name": "TV FBiH - Nisici",
            "frequencyMhz": 615.25,
            "organization": "TV FBiH",
            "stationClass": "BT"
          },
          {
            "name": "BHT 1 - Nisici",
            "frequencyMhz": 519.25,
            "organization": "BHRT - BHT 1",
            "stationClass": "BT"
          }
        ]
      }
    },
    {
      "type": "Feature",
      "geometry": {
        "type": "Point",
        "coordinates": [
          18.309639,
          44.145861
        ]
      },
      "properties": {
        "siteId": "VEAKOVAC-01",
        "name": "VEAKOVAC-01",
        "transmitters": [
          {
            "name": "Radio Ilijas - Veakovac",
            "frequencyMhz": 100.9,
            "organization": "Radio Ilijas",
            "serviceType": "FM Broadcasting",
            "stationClass": "BC"
          },
          {
            "name": "TV Hayat - Veakovac",
            "frequencyMhz": 527.25,
            "organization": "Hayat",
            "stationClass": "BT"
          },
          {
            "name": "BHT 1 - Veakovac",
            "frequencyMhz": 203.25,
            "organization": "BHRT - BHT 1",
            "stationClass": "BT"
          }
        ]
      }
    },
    {
      "type": "Feature",
      "geometry": {
        "type": "Point",
        "coordinates": [
          18.304278,
          44.70775
        ]
      },
      "properties": {
        "siteId": "GRIC-01",
        "name": "GRIC-01",
        "transmitters": [
          {
            "name": "Radio Gracanica - Gric",
            "frequencyMhz": 87.6,
            "organization": "Radio Gracanica",
            "serviceType": "FM Broadcasting",
            "stationClass": "BC"
          },
          {
            "name": "OBN - Gric",
            "frequencyMhz": 575.25,
            "organization": "OBN",
            "stationClass": "BT"
          },
          {
            "name": "TV FBiH - Gric",
            "frequencyMhz": 599.25,
            "organization": "TV Bel Kanal",
            "stationClass": "BT"
          },
          {
            "name": "BHT 1 - Gric",
            "frequencyMhz": 189.25,
            "organization": "BHRT - BHT 1",
            "stationClass": "BT"
          }
        ]
      }
    },
    {
      "type": "Feature",
      "geometry": {
        "type": "Point",
        "coordinates": [
          18.392917,
          44.658361
        ]
      },
      "properties": {
        "siteId": "HOTILJ-01",
        "name": "HOTILJ-01",
        "transmitters": [
          {
            "name": "Radio Gracanica - Hotilj",
            "frequencyMhz": 95,
            "organization": "Radio Gracanica",
            "serviceType": "FM Broadcasting",
            "stationClass": "BC"
          },
          {
            "name": "Radio Tuzla - Hotilj",
            "frequencyMhz": 105.1,
            "organization": "Radio Tuzla",
            "serviceType": "FM Broadcasting",
            "stationClass": "BC"
          },
          {
            "name": "Radio Kameleon - Hotilj",
            "frequencyMhz": 95.9,
            "organization": "Radio Kameleon",
            "serviceType": "FM Broadcasting",
            "stationClass": "BC"
          }
        ]
      }
    },
    {
      "type": "Feature",
      "geometry": {
        "type": "Point",
        "coordinates": [
          18.969139,
          44.526333
        ]
      },
      "properties": {
        "siteId": "GODUSKI VIS-01",
        "name": "GODUSKI VIS-01",
        "transmitters": [
          {
            "name": "Glas Drine - Goduski vis",
            "frequencyMhz": 88.8,
            "organization": "Radio Glas Drine",
            "serviceType": "FM Broadcasting",
            "stationClass": "BC"
          },
          {
            "name": "TV FBiH - Goduski Vis",
            "frequencyMhz": 743.25,
            "organization": "TV FBiH",
            "stationClass": "BT"
          },
          {
            "name": "BHT 1 - Goduski Vis",
            "frequencyMhz": 775.25,
            "organization": "BHRT - BHT 1",
            "stationClass": "BT"
          }
        ]
      }
    },
    {
      "type": "Feature",
      "geometry": {
        "type": "Point",
        "coordinates": [
          19.095833,
          44.351389
        ]
      },
      "properties": {
        "siteId": "MLADJEVAC-01",
        "name": "MLADJEVAC-01",
        "transmitters": [
          {
            "name": "Glas Drine - Mladjevac",
            "frequencyMhz": 104.2,
            "organization": "Radio Glas Drine",
            "serviceType": "FM Broadcasting",
            "stationClass": "BC"
          }
        ]
      }
    },
    {
      "type": "Feature",
      "geometry": {
        "type": "Point",
        "coordinates": [
          18.913694,
          44.468833
        ]
      },
      "properties": {
        "siteId": "MEMICI-01",
        "name": "MEMICI-01",
        "transmitters": [
          {
            "name": "Glas Drine - Memici",
            "frequencyMhz": 99.6,
            "organization": "Radio Glas Drine",
            "serviceType": "FM Broadcasting",
            "stationClass": "BC"
          }
        ]
      }
    },
    {
      "type": "Feature",
      "geometry": {
        "type": "Point",
        "coordinates": [
          18.797139,
          44.725722
        ]
      },
      "properties": {
        "siteId": "OGLAVAK-01",
        "name": "OGLAVAK-01",
        "transmitters": [
          {
            "name": "Glas Drine - Oglavak",
            "frequencyMhz": 103.8,
            "organization": "Radio Glas Drine",
            "serviceType": "FM Broadcasting",
            "stationClass": "BC"
          },
          {
            "name": "TV FBiH - Oglavak",
            "frequencyMhz": 759.25,
            "organization": "TV FBiH",
            "stationClass": "BT"
          },
          {
            "name": "BHT 1 - Oglavak",
            "frequencyMhz": 599.25,
            "organization": "BHRT - BHT 1",
            "stationClass": "BT"
          }
        ]
      }
    },
    {
      "type": "Feature",
      "geometry": {
        "type": "Point",
        "coordinates": [
          19.003,
          44.598056
        ]
      },
      "properties": {
        "siteId": "STARI TEOCAK-01",
        "name": "STARI TEOCAK-01",
        "transmitters": [
          {
            "name": "Glas Drine - Stari Teocak",
            "frequencyMhz": 106.4,
            "organization": "Radio Glas Drine",
            "serviceType": "FM Broadcasting",
            "stationClass": "BC"
          }
        ]
      }
    },
    {
      "type": "Feature",
      "geometry": {
        "type": "Point",
        "coordinates": [
          19.2425,
          44.668611
        ]
      },
      "properties": {
        "siteId": "JANJA-01",
        "name": "JANJA-01",
        "transmitters": [
          {
            "name": "Glas Drine - Janja",
            "frequencyMhz": 104.2,
            "organization": "Radio Glas Drine",
            "serviceType": "FM Broadcasting",
            "stationClass": "BC"
          }
        ]
      }
    },
    {
      "type": "Feature",
      "geometry": {
        "type": "Point",
        "coordinates": [
          18.234889,
          44.034472
        ]
      },
      "properties": {
        "siteId": "KOLOVAJ-01",
        "name": "KOLOVAJ-01",
        "transmitters": [
          {
            "name": "Radio Breza - Kolovaj",
            "frequencyMhz": 100.1,
            "organization": "Radio Breza",
            "serviceType": "FM Broadcasting",
            "stationClass": "BC"
          }
        ]
      }
    },
    {
      "type": "Feature",
      "geometry": {
        "type": "Point",
        "coordinates": [
          16.152194,
          44.905611
        ]
      },
      "properties": {
        "siteId": "KOBILJNJAK-01",
        "name": "KOBILJNJAK-01",
        "transmitters": [
          {
            "name": "Radio Bosanska Krupa - Kobiljnjak",
            "frequencyMhz": 97.5,
            "organization": "Radio Bosanka Krupa",
            "serviceType": "FM Broadcasting",
            "stationClass": "BC"
          },
          {
            "name": "TV USK - Kobiljnjak",
            "frequencyMhz": 663.25,
            "organization": "RTV USK",
            "stationClass": "BT"
          },
          {
            "name": "TV FBiH - Kobiljnjak",
            "frequencyMhz": 631.25,
            "organization": "TV FBiH",
            "stationClass": "BT"
          },
          {
            "name": "BHT 1 - Kobiljnjak",
            "frequencyMhz": 479.25,
            "organization": "BHRT - BHT 1",
            "stationClass": "BT"
          }
        ]
      }
    },
    {
      "type": "Feature",
      "geometry": {
        "type": "Point",
        "coordinates": [
          17.887861,
          44.418389
        ]
      },
      "properties": {
        "siteId": "MAHNJACA-01",
        "name": "MAHNJACA-01",
        "transmitters": [
          {
            "name": "Radio BM - Mahnjaca",
            "frequencyMhz": 101.6,
            "organization": "Radio BM",
            "serviceType": "FM Broadcasting",
            "stationClass": "BC"
          }
        ]
      }
    },
    {
      "type": "Feature",
      "geometry": {
        "type": "Point",
        "coordinates": [
          17.311417,
          44.005667
        ]
      },
      "properties": {
        "siteId": "VRANA-01",
        "name": "VRANA-01",
        "transmitters": [
          {
            "name": "Radio BM - Vrana",
            "frequencyMhz": 106.3,
            "organization": "Radio BM",
            "serviceType": "FM Broadcasting",
            "stationClass": "BC"
          }
        ]
      }
    },
    {
      "type": "Feature",
      "geometry": {
        "type": "Point",
        "coordinates": [
          18.700833,
          44.778167
        ]
      },
      "properties": {
        "siteId": "VIS BANDERA-01",
        "name": "VIS BANDERA-01",
        "transmitters": [
          {
            "name": "Radio Fratello - Vis-Bandera",
            "frequencyMhz": 99.9,
            "organization": "Radio BET Fratello",
            "serviceType": "FM Broadcasting",
            "stationClass": "BC"
          }
        ]
      }
    },
    {
      "type": "Feature",
      "geometry": {
        "type": "Point",
        "coordinates": [
          18.804444,
          44.549722
        ]
      },
      "properties": {
        "siteId": "SOLITER BOSNA",
        "name": "SOLITER BOSNA",
        "transmitters": [
          {
            "name": "Radio Fratello - Soliter Bosna",
            "frequencyMhz": 100.2,
            "organization": "Radio BET Fratello",
            "serviceType": "FM Broadcasting",
            "stationClass": "BC"
          }
        ]
      }
    },
    {
      "type": "Feature",
      "geometry": {
        "type": "Point",
        "coordinates": [
          19.218611,
          44.768056
        ]
      },
      "properties": {
        "siteId": "BIJELJINA 04",
        "name": "BIJELJINA 04",
        "transmitters": [
          {
            "name": "Radio Pan - Bijeljina grad",
            "frequencyMhz": 103,
            "organization": "Radio Pan",
            "serviceType": "FM Broadcasting",
            "stationClass": "BC"
          }
        ]
      }
    },
    {
      "type": "Feature",
      "geometry": {
        "type": "Point",
        "coordinates": [
          17.904028,
          44.110083
        ]
      },
      "properties": {
        "siteId": "KULA-01",
        "name": "KULA-01",
        "transmitters": [
          {
            "name": "Radio Busovaca - Kula",
            "frequencyMhz": 101.9,
            "organization": "Radio Busovaca",
            "serviceType": "FM Broadcasting",
            "stationClass": "BC"
          },
          {
            "name": "KISS TV - Busovaca-Kula",
            "frequencyMhz": 767.25,
            "organization": "HRT Kiseljak - KISS TV",
            "stationClass": "BT"
          },
          {
            "name": "Radio Livno - Kula2",
            "frequencyMhz": 91.5,
            "organization": "Radio Livno",
            "serviceType": "FM Broadcasting",
            "stationClass": "BC"
          }
        ]
      }
    },
    {
      "type": "Feature",
      "geometry": {
        "type": "Point",
        "coordinates": [
          18.333611,
          44.150556
        ]
      },
      "properties": {
        "siteId": "DIKINJICI-01",
        "name": "DIKINJICI-01",
        "transmitters": [
          {
            "name": "Radio Bobovac - Dikinjici",
            "frequencyMhz": 95.3,
            "organization": "Hrvatski radio Bobovac",
            "serviceType": "FM Broadcasting",
            "stationClass": "BC"
          }
        ]
      }
    },
    {
      "type": "Feature",
      "geometry": {
        "type": "Point",
        "coordinates": [
          18.451111,
          44.192083
        ]
      },
      "properties": {
        "siteId": "KRCEVINE",
        "name": "KRCEVINE",
        "transmitters": [
          {
            "name": "Radio Bobovac - Krcevine",
            "frequencyMhz": 101.1,
            "organization": "Hrvatski radio Bobovac",
            "serviceType": "FM Broadcasting",
            "stationClass": "BC"
          }
        ]
      }
    },
    {
      "type": "Feature",
      "geometry": {
        "type": "Point",
        "coordinates": [
          17.826417,
          44.15975
        ]
      },
      "properties": {
        "siteId": "VITEZ-01",
        "name": "VITEZ-01",
        "transmitters": [
          {
            "name": "Radio Lastva - Vitez",
            "frequencyMhz": 91.3,
            "organization": "HRTV Lastva Radio postaja",
            "serviceType": "FM Broadcasting",
            "stationClass": "BC"
          }
        ]
      }
    },
    {
      "type": "Feature",
      "geometry": {
        "type": "Point",
        "coordinates": [
          18.781361,
          43.739556
        ]
      },
      "properties": {
        "siteId": "CERICE-01",
        "name": "CERICE-01",
        "transmitters": [
          {
            "name": "Radio Praca - Cerice",
            "frequencyMhz": 102.6,
            "organization": "Radio Praca",
            "serviceType": "FM Broadcasting",
            "stationClass": "BC"
          },
          {
            "name": "TV Gorazde - Cerice",
            "frequencyMhz": 503.25,
            "organization": "RTV Gorazde",
            "stationClass": "BT"
          },
          {
            "name": "TV FBiH - Cerice",
            "frequencyMhz": 175.25,
            "organization": "TV FBiH",
            "stationClass": "BT"
          },
          {
            "name": "BHT 1 - Cerice",
            "frequencyMhz": 196.25,
            "organization": "BHRT - BHT 1",
            "stationClass": "BT"
          }
        ]
      }
    },
    {
      "type": "Feature",
      "geometry": {
        "type": "Point",
        "coordinates": [
          18.940722,
          43.613528
        ]
      },
      "properties": {
        "siteId": "UHOTICA BRDO-01",
        "name": "UHOTICA BRDO-01",
        "transmitters": [
          {
            "name": "Radio Praca - Uhotica brdo",
            "frequencyMhz": 93.1,
            "organization": "Radio Praca",
            "serviceType": "FM Broadcasting",
            "stationClass": "BC"
          },
          {
            "name": "TV Gorazde - Uhotica Brdo",
            "frequencyMhz": 567.25,
            "organization": "RTV Gorazde",
            "stationClass": "BT"
          }
        ]
      }
    },
    {
      "type": "Feature",
      "geometry": {
        "type": "Point",
        "coordinates": [
          18.330278,
          45.000556
        ]
      },
      "properties": {
        "siteId": "ODZAK-02",
        "name": "ODZAK-02",
        "transmitters": [
          {
            "name": "Radio Preporod - Odzak",
            "frequencyMhz": 95.2,
            "organization": "Radio Preporod",
            "serviceType": "FM Broadcasting",
            "stationClass": "BC"
          }
        ]
      }
    },
    {
      "type": "Feature",
      "geometry": {
        "type": "Point",
        "coordinates": [
          18.688667,
          44.532778
        ]
      },
      "properties": {
        "siteId": "TUZLA HOTEL-01",
        "name": "TUZLA HOTEL-01",
        "transmitters": [
          {
            "name": "Radio Soli - Tuzla hotel",
            "frequencyMhz": 92.7,
            "organization": "Radio Soli",
            "serviceType": "FM Broadcasting",
            "stationClass": "BC"
          }
        ]
      }
    },
    {
      "type": "Feature",
      "geometry": {
        "type": "Point",
        "coordinates": [
          18.620167,
          44.519917
        ]
      },
      "properties": {
        "siteId": "MARKOVISTE-01",
        "name": "MARKOVISTE-01",
        "transmitters": [
          {
            "name": "Radio Soli - Markoviste-Husino",
            "frequencyMhz": 103.4,
            "organization": "Radio Soli",
            "serviceType": "FM Broadcasting",
            "stationClass": "BC"
          },
          {
            "name": "Radio Srebrenik - Markoviste-Husino",
            "frequencyMhz": 103,
            "organization": "Radio Srebrenik",
            "serviceType": "FM Broadcasting",
            "stationClass": "BC"
          },
          {
            "name": "RTV Herceg Bosna - Markoviste",
            "frequencyMhz": 98.1,
            "organization": "RTV Herceg Bosna",
            "serviceType": "FM Broadcasting",
            "stationClass": "BC"
          },
          {
            "name": "TV FBiH - Markoviste",
            "frequencyMhz": 695.25,
            "organization": "TV FBiH",
            "stationClass": "BT"
          },
          {
            "name": "BHT 1 - Markoviste",
            "frequencyMhz": 487.25,
            "organization": "BHRT - BHT 1",
            "stationClass": "BT"
          }
        ]
      }
    },
    {
      "type": "Feature",
      "geometry": {
        "type": "Point",
        "coordinates": [
          18.544722,
          44.707306
        ]
      },
      "properties": {
        "siteId": "KARAHUM-01",
        "name": "KARAHUM-01",
        "transmitters": [
          {
            "name": "Radio Srebrenik - Karahum",
            "frequencyMhz": 90.8,
            "organization": "Radio Srebrenik",
            "serviceType": "FM Broadcasting",
            "stationClass": "BC"
          },
          {
            "name": "Radio Kalman - Karahum",
            "frequencyMhz": 107.8,
            "organization": "Radio Kalman",
            "serviceType": "FM Broadcasting",
            "stationClass": "BC"
          }
        ]
      }
    },
    {
      "type": "Feature",
      "geometry": {
        "type": "Point",
        "coordinates": [
          15.8425,
          44.82
        ]
      },
      "properties": {
        "siteId": "BIHAC GRAD-01",
        "name": "BIHAC GRAD-01",
        "transmitters": [
          {
            "name": "RSG - Bihac grad",
            "frequencyMhz": 88.4,
            "organization": "Radio Stari Grad",
            "serviceType": "FM Broadcasting",
            "stationClass": "BC"
          },
          {
            "name": "TV Hayat - Bihac",
            "frequencyMhz": 511.25,
            "organization": "Hayat",
            "stationClass": "BT"
          }
        ]
      }
    },
    {
      "type": "Feature",
      "geometry": {
        "type": "Point",
        "coordinates": [
          18.327222,
          42.696111
        ]
      },
      "properties": {
        "siteId": "VELIKI HUMAC-03",
        "name": "VELIKI HUMAC-03",
        "transmitters": [
          {
            "name": "RSG - Veliki Humac",
            "frequencyMhz": 87.7,
            "organization": "Radio Stari Grad",
            "serviceType": "FM Broadcasting",
            "stationClass": "BC"
          },
          {
            "name": "Otvorena mreza - Veliki Humac",
            "frequencyMhz": 106.4,
            "organization": "Radio 'Otvorena mreza'",
            "serviceType": "FM Broadcasting",
            "stationClass": "BC"
          },
          {
            "name": "Alternativna Televizija - Veliki Humac",
            "frequencyMhz": 647.25,
            "organization": "Alternativna Televizija",
            "stationClass": "BT"
          },
          {
            "name": "Televizija RS - Veliki Hum",
            "frequencyMhz": 224.25,
            "organization": "RTRS - Televizija RS",
            "stationClass": "BT"
          }
        ]
      }
    },
    {
      "type": "Feature",
      "geometry": {
        "type": "Point",
        "coordinates": [
          18.550083,
          44.712083
        ]
      },
      "properties": {
        "siteId": "MATARE-01",
        "name": "MATARE-01",
        "transmitters": [
          {
            "name": "Radio studio D - Matare",
            "frequencyMhz": 99.4,
            "organization": "Radio studio D",
            "serviceType": "FM Broadcasting",
            "stationClass": "BC"
          }
        ]
      }
    },
    {
      "type": "Feature",
      "geometry": {
        "type": "Point",
        "coordinates": [
          18.506056,
          44.442472
        ]
      },
      "properties": {
        "siteId": "MRDICI-01",
        "name": "MRDICI-01",
        "transmitters": [
          {
            "name": "Radio studio D - Mrdici",
            "frequencyMhz": 97.4,
            "organization": "Radio studio D",
            "serviceType": "FM Broadcasting",
            "stationClass": "BC"
          }
        ]
      }
    },
    {
      "type": "Feature",
      "geometry": {
        "type": "Point",
        "coordinates": [
          15.868694,
          45.055667
        ]
      },
      "properties": {
        "siteId": "PECIGRAD-01",
        "name": "PECIGRAD-01",
        "transmitters": [
          {
            "name": "Radio Velkaton - Pecigrad",
            "frequencyMhz": 107,
            "organization": "Radio Velkaton",
            "serviceType": "FM Broadcasting",
            "stationClass": "BC"
          }
        ]
      }
    },
    {
      "type": "Feature",
      "geometry": {
        "type": "Point",
        "coordinates": [
          17.1865,
          44.305222
        ]
      },
      "properties": {
        "siteId": "GORICA-01",
        "name": "GORICA-01",
        "transmitters": [
          {
            "name": "Radio Sipovo - Gorica",
            "frequencyMhz": 93.9,
            "organization": "Radio Best Sipovo",
            "serviceType": "FM Broadcasting",
            "stationClass": "BC"
          }
        ]
      }
    },
    {
      "type": "Feature",
      "geometry": {
        "type": "Point",
        "coordinates": [
          18.359167,
          42.914167
        ]
      },
      "properties": {
        "siteId": "BODARNIK-01",
        "name": "BODARNIK-01",
        "transmitters": [
          {
            "name": "Radio Bileca - Bodarnik",
            "frequencyMhz": 92.2,
            "organization": "Radio Bileca",
            "serviceType": "FM Broadcasting",
            "stationClass": "BC"
          }
        ]
      }
    },
    {
      "type": "Feature",
      "geometry": {
        "type": "Point",
        "coordinates": [
          19.2125,
          44.750278
        ]
      },
      "properties": {
        "siteId": "BIJELJINA-02",
        "name": "BIJELJINA-02",
        "transmitters": [
          {
            "name": "Radio Bobar - Bijeljina grad",
            "frequencyMhz": 107.7,
            "organization": "Radio Bobar",
            "serviceType": "FM Broadcasting",
            "stationClass": "BC"
          },
          {
            "name": "NTV Studio Arena - Bijeljina grad",
            "frequencyMhz": 551.25,
            "organization": "NTV Studio Arena",
            "stationClass": "BT"
          }
        ]
      }
    },
    {
      "type": "Feature",
      "geometry": {
        "type": "Point",
        "coordinates": [
          19.099972,
          44.364167
        ]
      },
      "properties": {
        "siteId": "MLADJEVAC-02",
        "name": "MLADJEVAC-02",
        "transmitters": [
          {
            "name": "Radio Bobar - Mladjevac",
            "frequencyMhz": 92.2,
            "organization": "Radio Bobar",
            "serviceType": "FM Broadcasting",
            "stationClass": "BC"
          },
          {
            "name": "Radio Osvit - Mladjevac",
            "frequencyMhz": 91.7,
            "organization": "Radio Osvit",
            "serviceType": "FM Broadcasting",
            "stationClass": "BC"
          },
          {
            "name": "Alternativna Televizija - Mladjevac",
            "frequencyMhz": 663.25,
            "organization": "Alternativna Televizija",
            "stationClass": "BT"
          },
          {
            "name": "TV BN - Mladjevac",
            "frequencyMhz": 759.25,
            "organization": "RTV BN",
            "stationClass": "BT"
          }
        ]
      }
    },
    {
      "type": "Feature",
      "geometry": {
        "type": "Point",
        "coordinates": [
          18.099611,
          44.763917
        ]
      },
      "properties": {
        "siteId": "KOSTAJNICA-01",
        "name": "KOSTAJNICA-01",
        "transmitters": [
          {
            "name": "Radio Dzungla - Kostajnica",
            "frequencyMhz": 103.6,
            "organization": "Radio Dzungla",
            "serviceType": "FM Broadcasting",
            "stationClass": "BC"
          },
          {
            "name": "RSG - Kostajnica",
            "frequencyMhz": 104.3,
            "organization": "Radio Stari Grad",
            "serviceType": "FM Broadcasting",
            "stationClass": "BC"
          },
          {
            "name": "BHT 1 - Kostajnica",
            "frequencyMhz": 671.25,
            "organization": "BHRT - BHT 1",
            "stationClass": "BT"
          }
        ]
      }
    },
    {
      "type": "Feature",
      "geometry": {
        "type": "Point",
        "coordinates": [
          17.605,
          44.582722
        ]
      },
      "properties": {
        "siteId": "RUNJAVICA-01",
        "name": "RUNJAVICA-01",
        "transmitters": [
          {
            "name": "Radio Dzungla - Runjavica",
            "frequencyMhz": 101.1,
            "organization": "Radio Dzungla",
            "serviceType": "FM Broadcasting",
            "stationClass": "BC"
          }
        ]
      }
    },
    {
      "type": "Feature",
      "geometry": {
        "type": "Point",
        "coordinates": [
          19.134083,
          44.793222
        ]
      },
      "properties": {
        "siteId": "VELIKA OBARSKA-01",
        "name": "VELIKA OBARSKA-01",
        "transmitters": [
          {
            "name": "Radio Das - Velika Obarska",
            "frequencyMhz": 105.5,
            "organization": "Radio Das",
            "serviceType": "FM Broadcasting",
            "stationClass": "BC"
          }
        ]
      }
    },
    {
      "type": "Feature",
      "geometry": {
        "type": "Point",
        "coordinates": [
          19.2125,
          44.759028
        ]
      },
      "properties": {
        "siteId": "BIJELJINA-03",
        "name": "BIJELJINA-03",
        "transmitters": [
          {
            "name": "Radio Das - Bijeljina grad",
            "frequencyMhz": 103.6,
            "organization": "Radio Das",
            "serviceType": "FM Broadcasting",
            "stationClass": "BC"
          }
        ]
      }
    },
    {
      "type": "Feature",
      "geometry": {
        "type": "Point",
        "coordinates": [
          19.1655,
          44.738083
        ]
      },
      "properties": {
        "siteId": "BRIJESNICA-01",
        "name": "BRIJESNICA-01",
        "transmitters": [
          {
            "name": "Radio Das - Brijesnica",
            "frequencyMhz": 88.9,
            "organization": "Radio Das",
            "serviceType": "FM Broadcasting",
            "stationClass": "BC"
          }
        ]
      }
    },
    {
      "type": "Feature",
      "geometry": {
        "type": "Point",
        "coordinates": [
          18.066944,
          44.742222
        ]
      },
      "properties": {
        "siteId": "AVDICA BRDO -01",
        "name": "AVDICA BRDO -01",
        "transmitters": [
          {
            "name": "RTV Hit - Avdica brdo",
            "frequencyMhz": 94.7,
            "organization": "RTV Hit",
            "serviceType": "FM Broadcasting",
            "stationClass": "BC"
          },
          {
            "name": "Radio Slobomir - Avdica brdo",
            "frequencyMhz": 89.8,
            "organization": "Radio Slobomir",
            "serviceType": "FM Broadcasting",
            "stationClass": "BC"
          }
        ]
      }
    },
    {
      "type": "Feature",
      "geometry": {
        "type": "Point",
        "coordinates": [
          19.1275,
          44.173056
        ]
      },
      "properties": {
        "siteId": "MILICA BRDO-01",
        "name": "MILICA BRDO-01",
        "transmitters": [
          {
            "name": "Radio Magic - Milica brdo",
            "frequencyMhz": 103.7,
            "organization": "Radio 'Magic'",
            "serviceType": "FM Broadcasting",
            "stationClass": "BC"
          },
          {
            "name": "Televizija RS - Milica brdo",
            "frequencyMhz": 210.25,
            "organization": "RTRS - Televizija RS",
            "stationClass": "BT"
          }
        ]
      }
    },
    {
      "type": "Feature",
      "geometry": {
        "type": "Point",
        "coordinates": [
          19.251806,
          44.20825
        ]
      },
      "properties": {
        "siteId": "MAGASICI-01",
        "name": "MAGASICI-01",
        "transmitters": [
          {
            "name": "Radio Magic - Magasici",
            "frequencyMhz": 102.8,
            "organization": "Radio 'Magic'",
            "serviceType": "FM Broadcasting",
            "stationClass": "BC"
          }
        ]
      }
    },
    {
      "type": "Feature",
      "geometry": {
        "type": "Point",
        "coordinates": [
          18.331917,
          43.269194
        ]
      },
      "properties": {
        "siteId": "CRGOVO-01",
        "name": "CRGOVO-01",
        "transmitters": [
          {
            "name": "Radio Nevesinje - Crgovo",
            "frequencyMhz": 96.3,
            "organization": "Radio Nevesinje",
            "serviceType": "FM Broadcasting",
            "stationClass": "BC"
          },
          {
            "name": "Televizija RS - Crgovo",
            "frequencyMhz": 189.25,
            "organization": "RTRS - Televizija RS",
            "stationClass": "BT"
          }
        ]
      }
    },
    {
      "type": "Feature",
      "geometry": {
        "type": "Point",
        "coordinates": [
          16.387333,
          45.022639
        ]
      },
      "properties": {
        "siteId": "VJESALA-01",
        "name": "VJESALA-01",
        "transmitters": [
          {
            "name": "Radio Novi Grad - Vjesala",
            "frequencyMhz": 93.3,
            "organization": "Radio Novi Grad",
            "serviceType": "FM Broadcasting",
            "stationClass": "BC"
          }
        ]
      }
    },
    {
      "type": "Feature",
      "geometry": {
        "type": "Point",
        "coordinates": [
          19.0025,
          44.6475
        ]
      },
      "properties": {
        "siteId": "JABLAN GRAD-01",
        "name": "JABLAN GRAD-01",
        "transmitters": [
          {
            "name": "Radio Skala - Jablan-grad",
            "frequencyMhz": 96.8,
            "organization": "Radio Skala",
            "serviceType": "FM Broadcasting",
            "stationClass": "BC"
          }
        ]
      }
    },
    {
      "type": "Feature",
      "geometry": {
        "type": "Point",
        "coordinates": [
          17.536722,
          45.101528
        ]
      },
      "properties": {
        "siteId": "JOZINO BRDO-01",
        "name": "JOZINO BRDO-01",
        "transmitters": [
          {
            "name": "Radio Srbac - Jozino brdo",
            "frequencyMhz": 93.2,
            "organization": "Radio Srbac",
            "serviceType": "FM Broadcasting",
            "stationClass": "BC"
          }
        ]
      }
    },
    {
      "type": "Feature",
      "geometry": {
        "type": "Point",
        "coordinates": [
          18.453778,
          43.505972
        ]
      },
      "properties": {
        "siteId": "VEZAC-01",
        "name": "VEZAC-01",
        "transmitters": [
          {
            "name": "Radio Istocno Sarajevo - Vezac",
            "frequencyMhz": 93.9,
            "organization": "Radio Istocno Sarajevo",
            "serviceType": "FM Broadcasting",
            "stationClass": "BC"
          },
          {
            "name": "BHT 1 - Vezac",
            "frequencyMhz": 631.25,
            "organization": "BHRT - BHT 1",
            "stationClass": "BT"
          }
        ]
      }
    },
    {
      "type": "Feature",
      "geometry": {
        "type": "Point",
        "coordinates": [
          18.615667,
          43.212833
        ]
      },
      "properties": {
        "siteId": "LEBRSNIK-01",
        "name": "LEBRSNIK-01",
        "transmitters": [
          {
            "name": "Radio Istocno Sarajevo - Lebrsnik",
            "frequencyMhz": 89.4,
            "organization": "Radio Istocno Sarajevo",
            "serviceType": "FM Broadcasting",
            "stationClass": "BC"
          },
          {
            "name": "RTV BN - Lebrsnik",
            "frequencyMhz": 106.9,
            "organization": "RTV BN",
            "serviceType": "FM Broadcasting",
            "stationClass": "BC"
          },
          {
            "name": "Televizija RS - Lebrsnik",
            "frequencyMhz": 703.25,
            "organization": "RTRS - Televizija RS",
            "stationClass": "BT"
          }
        ]
      }
    },
    {
      "type": "Feature",
      "geometry": {
        "type": "Point",
        "coordinates": [
          17.090778,
          44.286222
        ]
      },
      "properties": {
        "siteId": "SIPOVO-01",
        "name": "SIPOVO-01",
        "transmitters": [
          {
            "name": "SRS Radio - Sipovo",
            "frequencyMhz": 91.1,
            "organization": "SRS Radio",
            "serviceType": "FM Broadcasting",
            "stationClass": "BC"
          }
        ]
      }
    },
    {
      "type": "Feature",
      "geometry": {
        "type": "Point",
        "coordinates": [
          17.110472,
          44.213028
        ]
      },
      "properties": {
        "siteId": "POPUZE-01",
        "name": "POPUZE-01",
        "transmitters": [
          {
            "name": "SRS Radio - Popuze",
            "frequencyMhz": 102,
            "organization": "SRS Radio",
            "serviceType": "FM Broadcasting",
            "stationClass": "BC"
          },
          {
            "name": "TV Hayat - Popuze",
            "frequencyMhz": 559.25,
            "organization": "Hayat",
            "stationClass": "BT"
          },
          {
            "name": "Televizija RS - Popuze",
            "frequencyMhz": 495.25,
            "organization": "RTRS - Televizija RS",
            "stationClass": "BT"
          }
        ]
      }
    },
    {
      "type": "Feature",
      "geometry": {
        "type": "Point",
        "coordinates": [
          15.801778,
          45.174972
        ]
      },
      "properties": {
        "siteId": "KESEROVICA BRDO-02",
        "name": "KESEROVICA BRDO-02",
        "transmitters": [
          {
            "name": "Valentino - Keserovica brdo",
            "frequencyMhz": 101.4,
            "organization": "Obiteljski radio Valentino",
            "serviceType": "FM Broadcasting",
            "stationClass": "BC"
          },
          {
            "name": "NES radio - Keserovica brdo",
            "frequencyMhz": 99.3,
            "organization": "NES radio",
            "serviceType": "FM Broadcasting",
            "stationClass": "BC"
          },
          {
            "name": "Radio Velika Kladusa - Keserovica brdo",
            "frequencyMhz": 89.1,
            "organization": "Radio Velika Kladusa",
            "serviceType": "FM Broadcasting",
            "stationClass": "BC"
          },
          {
            "name": "OBN - Keserovica brdo",
            "frequencyMhz": 583.25,
            "organization": "OBN",
            "stationClass": "BT"
          },
          {
            "name": "TV USK - Keserovica brdo",
            "frequencyMhz": 663.25,
            "organization": "RTV USK",
            "stationClass": "BT"
          },
          {
            "name": "TV Hayat - Keserovica brdo",
            "frequencyMhz": 615.25,
            "organization": "Hayat",
            "stationClass": "BT"
          },
          {
            "name": "TV FBiH - Keserovica brdo",
            "frequencyMhz": 711.25,
            "organization": "TV FBiH",
            "stationClass": "BT"
          },
          {
            "name": "BHT 1 - Keserovica brdo",
            "frequencyMhz": 479.25,
            "organization": "BHRT - BHT 1",
            "stationClass": "BT"
          }
        ]
      }
    },
    {
      "type": "Feature",
      "geometry": {
        "type": "Point",
        "coordinates": [
          16.415833,
          44.47675
        ]
      },
      "properties": {
        "siteId": "OSTRELJ-01",
        "name": "OSTRELJ-01",
        "transmitters": [
          {
            "name": "Valentino - Ostrelj",
            "frequencyMhz": 98.4,
            "organization": "Obiteljski radio Valentino",
            "serviceType": "FM Broadcasting",
            "stationClass": "BC"
          }
        ]
      }
    },
    {
      "type": "Feature",
      "geometry": {
        "type": "Point",
        "coordinates": [
          18.3345,
          44.849111
        ]
      },
      "properties": {
        "siteId": "TUPULICA BRDO-01",
        "name": "TUPULICA BRDO-01",
        "transmitters": [
          {
            "name": "Valentino - Tuplulica brdo",
            "frequencyMhz": 97.9,
            "organization": "Obiteljski radio Valentino",
            "serviceType": "FM Broadcasting",
            "stationClass": "BC"
          },
          {
            "name": "Radio postaja Orasje - Tupalica brdo",
            "frequencyMhz": 105.8,
            "organization": "Radio postaja Orasje",
            "serviceType": "FM Broadcasting",
            "stationClass": "BC"
          },
          {
            "name": "Radio Fratello - Tupalica brdo",
            "frequencyMhz": 99.9,
            "organization": "Radio BET Fratello",
            "serviceType": "FM Broadcasting",
            "stationClass": "BC"
          }
        ]
      }
    },
    {
      "type": "Feature",
      "geometry": {
        "type": "Point",
        "coordinates": [
          17.396222,
          44.147889
        ]
      },
      "properties": {
        "siteId": "DONJI VAKUF-01",
        "name": "DONJI VAKUF-01",
        "transmitters": [
          {
            "name": "Valentino - Donji Vakuf - grad",
            "frequencyMhz": 107.2,
            "organization": "Obiteljski radio Valentino",
            "serviceType": "FM Broadcasting",
            "stationClass": "BC"
          },
          {
            "name": "OBN - Donji Vakuf",
            "frequencyMhz": 519.25,
            "organization": "OBN",
            "stationClass": "BT"
          },
          {
            "name": "TV Bugojno - Donji Vakuf",
            "frequencyMhz": 631.25,
            "organization": "RTV Bugojno",
            "stationClass": "BT"
          },
          {
            "name": "TV Valentino - Donji Vakuf",
            "frequencyMhz": 511.25,
            "organization": "Obiteljski radio Valentino",
            "stationClass": "BT"
          },
          {
            "name": "TV Hayat - Donji Vakuf",
            "frequencyMhz": 471.25,
            "organization": "Hayat",
            "stationClass": "BT"
          },
          {
            "name": "TV FBiH - Donji Vakuf",
            "frequencyMhz": 551.25,
            "organization": "TV FBiH",
            "stationClass": "BT"
          },
          {
            "name": "BHT 1 - Grad",
            "frequencyMhz": 175.25,
            "organization": "BHRT - BHT 1",
            "stationClass": "BT"
          }
        ]
      }
    },
    {
      "type": "Feature",
      "geometry": {
        "type": "Point",
        "coordinates": [
          18.3325,
          44.151389
        ]
      },
      "properties": {
        "siteId": "DIVINICE-01",
        "name": "DIVINICE-01",
        "transmitters": [
          {
            "name": "Valentino - Divinice",
            "frequencyMhz": 99.7,
            "organization": "Obiteljski radio Valentino",
            "serviceType": "FM Broadcasting",
            "stationClass": "BC"
          },
          {
            "name": "TV FBiH - Divinice",
            "frequencyMhz": 503.25,
            "organization": "TV FBiH",
            "stationClass": "BT"
          },
          {
            "name": "BHT 1 - Divinice",
            "frequencyMhz": 189.25,
            "organization": "BHRT - BHT 1",
            "stationClass": "BT"
          }
        ]
      }
    },
    {
      "type": "Feature",
      "geometry": {
        "type": "Point",
        "coordinates": [
          18.699444,
          44.103333
        ]
      },
      "properties": {
        "siteId": "PALEZ-01",
        "name": "PALEZ-01",
        "transmitters": [
          {
            "name": "Valentino - Palez",
            "frequencyMhz": 105.3,
            "organization": "Obiteljski radio Valentino",
            "serviceType": "FM Broadcasting",
            "stationClass": "BC"
          }
        ]
      }
    },
    {
      "type": "Feature",
      "geometry": {
        "type": "Point",
        "coordinates": [
          18.433333,
          44.016667
        ]
      },
      "properties": {
        "siteId": "SREDNJE-01",
        "name": "SREDNJE-01",
        "transmitters": [
          {
            "name": "Valentino - Srednje",
            "frequencyMhz": 92.4,
            "organization": "Obiteljski radio Valentino",
            "serviceType": "FM Broadcasting",
            "stationClass": "BC"
          },
          {
            "name": "TV FBiH - Srednje",
            "frequencyMhz": 743.25,
            "organization": "TV FBiH",
            "stationClass": "BT"
          },
          {
            "name": "BHT 1 - Srednje",
            "frequencyMhz": 224.25,
            "organization": "BHRT - BHT 1",
            "stationClass": "BT"
          }
        ]
      }
    },
    {
      "type": "Feature",
      "geometry": {
        "type": "Point",
        "coordinates": [
          16.856944,
          44.030278
        ]
      },
      "properties": {
        "siteId": "RAJAN-01",
        "name": "RAJAN-01",
        "transmitters": [
          {
            "name": "Valentino - Rajan",
            "frequencyMhz": 104.1,
            "organization": "Obiteljski radio Valentino",
            "serviceType": "FM Broadcasting",
            "stationClass": "BC"
          },
          {
            "name": "TV FBiH - Veliki Rajan",
            "frequencyMhz": 503.25,
            "organization": "TV FBiH",
            "stationClass": "BT"
          },
          {
            "name": "BHT 1 - Veliki Rajan",
            "frequencyMhz": 196.25,
            "organization": "BHRT - BHT 1",
            "stationClass": "BT"
          }
        ]
      }
    },
    {
      "type": "Feature",
      "geometry": {
        "type": "Point",
        "coordinates": [
          17.415306,
          44.473472
        ]
      },
      "properties": {
        "siteId": "BORAK-01",
        "name": "BORAK-01",
        "transmitters": [
          {
            "name": "NES radio - Borak",
            "frequencyMhz": 89.7,
            "organization": "NES radio",
            "serviceType": "FM Broadcasting",
            "stationClass": "BC"
          }
        ]
      }
    },
    {
      "type": "Feature",
      "geometry": {
        "type": "Point",
        "coordinates": [
          17.9995,
          45.147389
        ]
      },
      "properties": {
        "siteId": "BOSANSKI BROD-01",
        "name": "BOSANSKI BROD-01",
        "transmitters": [
          {
            "name": "Radio Brod - Bosanski Brod",
            "frequencyMhz": 88.1,
            "organization": "Radio Brod",
            "serviceType": "FM Broadcasting",
            "stationClass": "BC"
          }
        ]
      }
    },
    {
      "type": "Feature",
      "geometry": {
        "type": "Point",
        "coordinates": [
          18.571111,
          43.146667
        ]
      },
      "properties": {
        "siteId": "JOVANOVO BRDO-01",
        "name": "JOVANOVO BRDO-01",
        "transmitters": [
          {
            "name": "Radio Gacko - Jovanovo brdo",
            "frequencyMhz": 90,
            "organization": "Radio Gacko",
            "serviceType": "FM Broadcasting",
            "stationClass": "BC"
          },
          {
            "name": "TV Herceg - Jovanovo brdo",
            "frequencyMhz": 527.25,
            "organization": "TV Herceg",
            "stationClass": "BT"
          },
          {
            "name": "Televizija RS - Jovanovo brdo",
            "frequencyMhz": 175.25,
            "organization": "RTRS - Televizija RS",
            "stationClass": "BT"
          },
          {
            "name": "BHT 1 - Jovanovo brdo",
            "frequencyMhz": 567.25,
            "organization": "BHRT - BHT 1",
            "stationClass": "BT"
          }
        ]
      }
    },
    {
      "type": "Feature",
      "geometry": {
        "type": "Point",
        "coordinates": [
          17.890833,
          43.111944
        ]
      },
      "properties": {
        "siteId": "MASLINA-01",
        "name": "MASLINA-01",
        "transmitters": [
          {
            "name": "Radio Studio 88 - Maslina",
            "frequencyMhz": 95.8,
            "organization": "Radio Studio 88",
            "serviceType": "FM Broadcasting",
            "stationClass": "BC"
          }
        ]
      }
    },
    {
      "type": "Feature",
      "geometry": {
        "type": "Point",
        "coordinates": [
          17.908611,
          44.200278
        ]
      },
      "properties": {
        "siteId": "ZENICA-02",
        "name": "ZENICA-02",
        "transmitters": [
          {
            "name": "Radio Q - Zenica grad",
            "frequencyMhz": 105.2,
            "organization": "Radio Q",
            "serviceType": "FM Broadcasting",
            "stationClass": "BC"
          },
          {
            "name": "Radio ACTIVE - Zenica grad",
            "frequencyMhz": 88.5,
            "organization": "Radio ACTIVE Nasa djeca",
            "serviceType": "FM Broadcasting",
            "stationClass": "BC"
          }
        ]
      }
    },
    {
      "type": "Feature",
      "geometry": {
        "type": "Point",
        "coordinates": [
          17.446528,
          44.054889
        ]
      },
      "properties": {
        "siteId": "BUGOJNO-01",
        "name": "BUGOJNO-01",
        "transmitters": [
          {
            "name": "Kalman - Bugojno grad",
            "frequencyMhz": 107.8,
            "organization": "Radio Kalman",
            "serviceType": "FM Broadcasting",
            "stationClass": "BC"
          },
          {
            "name": "TV Pink - Bugojno",
            "frequencyMhz": 735.25,
            "organization": "Pink BH Company-Radio",
            "stationClass": "BT"
          },
          {
            "name": "TV Hayat - Bugojno",
            "frequencyMhz": 695.25,
            "organization": "Hayat",
            "stationClass": "BT"
          }
        ]
      }
    },
    {
      "type": "Feature",
      "geometry": {
        "type": "Point",
        "coordinates": [
          18.939167,
          44.150556
        ]
      },
      "properties": {
        "siteId": "KARANFILICA-01",
        "name": "KARANFILICA-01",
        "transmitters": [
          {
            "name": "Radio Slobomir - Karanfilica",
            "frequencyMhz": 101.8,
            "organization": "Radio Slobomir",
            "serviceType": "FM Broadcasting",
            "stationClass": "BC"
          },
          {
            "name": "RTV BN - Karanfilica",
            "frequencyMhz": 103.2,
            "organization": "RTV BN",
            "serviceType": "FM Broadcasting",
            "stationClass": "BC"
          }
        ]
      }
    },
    {
      "type": "Feature",
      "geometry": {
        "type": "Point",
        "coordinates": [
          19.033639,
          43.770528
        ]
      },
      "properties": {
        "siteId": "DROBNICI-01",
        "name": "DROBNICI-01",
        "transmitters": [
          {
            "name": "Radio 303 - Drobnici",
            "frequencyMhz": 96.2,
            "organization": "Radio 303",
            "serviceType": "FM Broadcasting",
            "stationClass": "BC"
          }
        ]
      }
    },
    {
      "type": "Feature",
      "geometry": {
        "type": "Point",
        "coordinates": [
          18.809917,
          44.877361
        ]
      },
      "properties": {
        "siteId": "BRCKO GRAD-01",
        "name": "BRCKO GRAD-01",
        "transmitters": [
          {
            "name": "Radio Brcko - Brcko grad",
            "frequencyMhz": 94.8,
            "organization": "Radio Brcko distrikt",
            "serviceType": "FM Broadcasting",
            "stationClass": "BC"
          },
          {
            "name": "TV Hit - Brcko",
            "frequencyMhz": 607.25,
            "organization": "RTV Hit",
            "stationClass": "BT"
          },
          {
            "name": "TV Vikom - Brcko",
            "frequencyMhz": 663.25,
            "organization": "RTV Vikom",
            "stationClass": "BT"
          },
          {
            "name": "RSG - Brcko grad",
            "frequencyMhz": 104.3,
            "organization": "Radio Stari Grad",
            "serviceType": "FM Broadcasting",
            "stationClass": "BC"
          }
        ]
      }
    },
    {
      "type": "Feature",
      "geometry": {
        "type": "Point",
        "coordinates": [
          18.587778,
          44.791028
        ]
      },
      "properties": {
        "siteId": "SKAKAVA-01",
        "name": "SKAKAVA-01",
        "transmitters": [
          {
            "name": "Radio Brcko - Skakava G.",
            "frequencyMhz": 105,
            "organization": "Radio Brcko distrikt",
            "serviceType": "FM Broadcasting",
            "stationClass": "BC"
          }
        ]
      }
    },
    {
      "type": "Feature",
      "geometry": {
        "type": "Point",
        "coordinates": [
          15.891944,
          44.838611
        ]
      },
      "properties": {
        "siteId": "MASKARE-02",
        "name": "MASKARE-02",
        "transmitters": [
          {
            "name": "Novi radio - Maskare",
            "frequencyMhz": 101.6,
            "organization": "Novi radio",
            "serviceType": "FM Broadcasting",
            "stationClass": "BC"
          },
          {
            "name": "Radio Bobar - Maskara",
            "frequencyMhz": 95.3,
            "organization": "Radio Bobar",
            "serviceType": "FM Broadcasting",
            "stationClass": "BC"
          }
        ]
      }
    },
    {
      "type": "Feature",
      "geometry": {
        "type": "Point",
        "coordinates": [
          15.93675,
          44.9695
        ]
      },
      "properties": {
        "siteId": "CAZIN-01",
        "name": "CAZIN-01",
        "transmitters": [
          {
            "name": "Novi radio - Cazin",
            "frequencyMhz": 105.8,
            "organization": "Novi radio",
            "serviceType": "FM Broadcasting",
            "stationClass": "BC"
          }
        ]
      }
    },
    {
      "type": "Feature",
      "geometry": {
        "type": "Point",
        "coordinates": [
          17.742083,
          43.687333
        ]
      },
      "properties": {
        "siteId": "CEHARSKI VRH-01",
        "name": "CEHARSKI VRH-01",
        "transmitters": [
          {
            "name": "RTV Jablanica - Ceharski vrh",
            "frequencyMhz": 94.7,
            "organization": "RTV Jablanica",
            "serviceType": "FM Broadcasting",
            "stationClass": "BC"
          },
          {
            "name": "RTV Herceg Bosna - Ceharski vis",
            "frequencyMhz": 101.1,
            "organization": "RTV Herceg Bosna",
            "serviceType": "FM Broadcasting",
            "stationClass": "BC"
          }
        ]
      }
    },
    {
      "type": "Feature",
      "geometry": {
        "type": "Point",
        "coordinates": [
          16.0315,
          45.068694
        ]
      },
      "properties": {
        "siteId": "RODOSTOVO-01",
        "name": "RODOSTOVO-01",
        "transmitters": [
          {
            "name": "RTV BIR - Rodostovo",
            "frequencyMhz": 98.1,
            "organization": "RTV BIR",
            "serviceType": "FM Broadcasting",
            "stationClass": "BC"
          },
          {
            "name": "TV USK - Rodostovo",
            "frequencyMhz": 631.25,
            "organization": "RTV USK",
            "stationClass": "BT"
          },
          {
            "name": "TV FBiH - Rodostovo",
            "frequencyMhz": 735.25,
            "organization": "TV FBiH",
            "stationClass": "BT"
          },
          {
            "name": "BHT 1 - Rodostovo",
            "frequencyMhz": 535.25,
            "organization": "BHRT - BHT 1",
            "stationClass": "BT"
          }
        ]
      }
    },
    {
      "type": "Feature",
      "geometry": {
        "type": "Point",
        "coordinates": [
          18.690472,
          44.537472
        ]
      },
      "properties": {
        "siteId": "TUZLA GRAD-01",
        "name": "TUZLA GRAD-01",
        "transmitters": [
          {
            "name": "RTV BIR - Tuzla grad",
            "frequencyMhz": 95.4,
            "organization": "RTV BIR",
            "serviceType": "FM Broadcasting",
            "stationClass": "BC"
          }
        ]
      }
    },
    {
      "type": "Feature",
      "geometry": {
        "type": "Point",
        "coordinates": [
          17.876667,
          44.240556
        ]
      },
      "properties": {
        "siteId": "GRADISCE-01",
        "name": "GRADISCE-01",
        "transmitters": [
          {
            "name": "RTV BIR - Gradisce",
            "frequencyMhz": 87.7,
            "organization": "RTV BIR",
            "serviceType": "FM Broadcasting",
            "stationClass": "BC"
          }
        ]
      }
    },
    {
      "type": "Feature",
      "geometry": {
        "type": "Point",
        "coordinates": [
          17.967111,
          43.064028
        ]
      },
      "properties": {
        "siteId": "POTPLAT-01",
        "name": "POTPLAT-01",
        "transmitters": [
          {
            "name": "RTV BIR - Potplat",
            "frequencyMhz": 88.7,
            "organization": "RTV BIR",
            "serviceType": "FM Broadcasting",
            "stationClass": "BC"
          },
          {
            "name": "Oscar C - Potplat",
            "frequencyMhz": 93.4,
            "organization": "Radio HTV Oscar-C",
            "serviceType": "FM Broadcasting",
            "stationClass": "BC"
          },
          {
            "name": "TV Mostar - Poprati",
            "frequencyMhz": 479.25,
            "organization": "RTV Mostar",
            "stationClass": "BT"
          },
          {
            "name": "TV Oscar C - Poplat",
            "frequencyMhz": 495.25,
            "organization": "Radio HTV Oscar-C",
            "stationClass": "BT"
          },
          {
            "name": "TV FBiH - Poplat",
            "frequencyMhz": 687.25,
            "organization": "TV FBiH",
            "stationClass": "BT"
          },
          {
            "name": "BHT 1 - Poplat",
            "frequencyMhz": 175.25,
            "organization": "BHRT - BHT 1",
            "stationClass": "BT"
          }
        ]
      }
    },
    {
      "type": "Feature",
      "geometry": {
        "type": "Point",
        "coordinates": [
          18.647778,
          44.155278
        ]
      },
      "properties": {
        "siteId": "PAKLENIK-01",
        "name": "PAKLENIK-01",
        "transmitters": [
          {
            "name": "RTV BN - Paklenik",
            "frequencyMhz": 103.2,
            "organization": "RTV BN",
            "serviceType": "FM Broadcasting",
            "stationClass": "BC"
          }
        ]
      }
    },
    {
      "type": "Feature",
      "geometry": {
        "type": "Point",
        "coordinates": [
          17.013056,
          43.833056
        ]
      },
      "properties": {
        "siteId": "LIVNO-KULA-01",
        "name": "LIVNO-KULA-01",
        "transmitters": [
          {
            "name": "Radio Livno - Livno-Kula",
            "frequencyMhz": 100.9,
            "organization": "Radio Livno",
            "serviceType": "FM Broadcasting",
            "stationClass": "BC"
          }
        ]
      }
    },
    {
      "type": "Feature",
      "geometry": {
        "type": "Point",
        "coordinates": [
          17.029778,
          43.720194
        ]
      },
      "properties": {
        "siteId": "BATINICA BRDO-01",
        "name": "BATINICA BRDO-01",
        "transmitters": [
          {
            "name": "Radio Kupres - Batinica Brdo",
            "frequencyMhz": 107.5,
            "organization": "Radio Kupres",
            "serviceType": "FM Broadcasting",
            "stationClass": "BC"
          },
          {
            "name": "OBN - Batinica brdo",
            "frequencyMhz": 695.25,
            "organization": "OBN",
            "stationClass": "BT"
          }
        ]
      }
    },
    {
      "type": "Feature",
      "geometry": {
        "type": "Point",
        "coordinates": [
          18.367222,
          44.88
        ]
      },
      "properties": {
        "siteId": "GRADACAC-01",
        "name": "GRADACAC-01",
        "transmitters": [
          {
            "name": "Radio Gradacac - Gradacac-Novalici",
            "frequencyMhz": 98.3,
            "organization": "Radio Gradacac",
            "serviceType": "FM Broadcasting",
            "stationClass": "BC"
          }
        ]
      }
    },
    {
      "type": "Feature",
      "geometry": {
        "type": "Point",
        "coordinates": [
          19.300528,
          44.086694
        ]
      },
      "properties": {
        "siteId": "SREBRENICA-01",
        "name": "SREBRENICA-01",
        "transmitters": [
          {
            "name": "Glas Drine - Srebrenica Bojna",
            "frequencyMhz": 105.2,
            "organization": "Radio Glas Drine",
            "serviceType": "FM Broadcasting",
            "stationClass": "BC"
          },
          {
            "name": "OBN - Stari Grad",
            "frequencyMhz": 767.25,
            "organization": "OBN",
            "stationClass": "BT"
          },
          {
            "name": "TV Hayat - Srebrenica",
            "frequencyMhz": 471.25,
            "organization": "Hayat",
            "stationClass": "BT"
          }
        ]
      }
    },
    {
      "type": "Feature",
      "geometry": {
        "type": "Point",
        "coordinates": [
          18.623056,
          45.0075
        ]
      },
      "properties": {
        "siteId": "BOK-01",
        "name": "BOK-01",
        "transmitters": [
          {
            "name": "Radio postaja Orasje - Bok",
            "frequencyMhz": 88,
            "organization": "Radio postaja Orasje",
            "serviceType": "FM Broadcasting",
            "stationClass": "BC"
          }
        ]
      }
    },
    {
      "type": "Feature",
      "geometry": {
        "type": "Point",
        "coordinates": [
          17.003528,
          43.822944
        ]
      },
      "properties": {
        "siteId": "LIVNO-01",
        "name": "LIVNO-01",
        "transmitters": [
          {
            "name": "Radio Studio N - Livno",
            "frequencyMhz": 97.6,
            "organization": "Radio Studio N",
            "serviceType": "FM Broadcasting",
            "stationClass": "BC"
          }
        ]
      }
    },
    {
      "type": "Feature",
      "geometry": {
        "type": "Point",
        "coordinates": [
          18.573056,
          44.119
        ]
      },
      "properties": {
        "siteId": "GAJ-01",
        "name": "GAJ-01",
        "transmitters": [
          {
            "name": "Radio Olovo - Gaj",
            "frequencyMhz": 95.1,
            "organization": "Radio Olovo",
            "serviceType": "FM Broadcasting",
            "stationClass": "BC"
          },
          {
            "name": "TV Hayat - Gaj",
            "frequencyMhz": 567.25,
            "organization": "Hayat",
            "stationClass": "BT"
          },
          {
            "name": "TV FBiH - Gaj",
            "frequencyMhz": 631.25,
            "organization": "TV FBiH",
            "stationClass": "BT"
          },
          {
            "name": "BHT 1 - Gaj",
            "frequencyMhz": 182.25,
            "organization": "BHRT - BHT 1",
            "stationClass": "BT"
          }
        ]
      }
    },
    {
      "type": "Feature",
      "geometry": {
        "type": "Point",
        "coordinates": [
          19.111278,
          44.364639
        ]
      },
      "properties": {
        "siteId": "DIVIC-01",
        "name": "DIVIC-01",
        "transmitters": [
          {
            "name": "Radio Magic - Divic",
            "frequencyMhz": 102.8,
            "organization": "Radio 'Magic'",
            "serviceType": "FM Broadcasting",
            "stationClass": "BC"
          }
        ]
      }
    },
    {
      "type": "Feature",
      "geometry": {
        "type": "Point",
        "coordinates": [
          18.591778,
          44.139111
        ]
      },
      "properties": {
        "siteId": "MEMAGICA STIJENA-01",
        "name": "MEMAGICA STIJENA-01",
        "transmitters": [
          {
            "name": "RTV BN - Memagica stijena",
            "frequencyMhz": 103.2,
            "organization": "RTV BN",
            "serviceType": "FM Broadcasting",
            "stationClass": "BC"
          },
          {
            "name": "TV Hayat - Memagica stijena",
            "frequencyMhz": 567.25,
            "organization": "Hayat",
            "stationClass": "BT"
          },
          {
            "name": "Mir Medjugorje - Memagica stijena",
            "frequencyMhz": 96.1,
            "organization": "Radio postaja MIR Međugorje",
            "serviceType": "FM Broadcasting",
            "stationClass": "BC"
          }
        ]
      }
    },
    {
      "type": "Feature",
      "geometry": {
        "type": "Point",
        "coordinates": [
          19.165472,
          44.738083
        ]
      },
      "properties": {
        "siteId": "OBRIJEZ-01",
        "name": "OBRIJEZ-01",
        "transmitters": [
          {
            "name": "Radio Das - Obrijez",
            "frequencyMhz": 103.6,
            "organization": "Radio Das",
            "serviceType": "FM Broadcasting",
            "stationClass": "BC"
          }
        ]
      }
    },
    {
      "type": "Feature",
      "geometry": {
        "type": "Point",
        "coordinates": [
          18.818333,
          44.548556
        ]
      },
      "properties": {
        "siteId": "KOLIMER-01",
        "name": "KOLIMER-01",
        "transmitters": [
          {
            "name": "Glas Drine - Kolimer",
            "frequencyMhz": 99.6,
            "organization": "Radio Glas Drine",
            "serviceType": "FM Broadcasting",
            "stationClass": "BC"
          }
        ]
      }
    },
    {
      "type": "Feature",
      "geometry": {
        "type": "Point",
        "coordinates": [
          18.693528,
          45.036056
        ]
      },
      "properties": {
        "siteId": "ORASJE-01",
        "name": "ORASJE-01",
        "transmitters": [
          {
            "name": "RTV Herceg Bosna - Orasje",
            "frequencyMhz": 98.1,
            "organization": "RTV Herceg Bosna",
            "serviceType": "FM Broadcasting",
            "stationClass": "BC"
          }
        ]
      }
    },
    {
      "type": "Feature",
      "geometry": {
        "type": "Point",
        "coordinates": [
          17.698528,
          44.234833
        ]
      },
      "properties": {
        "siteId": "BUKOVICA-01",
        "name": "BUKOVICA-01",
        "transmitters": [
          {
            "name": "RTV Herceg Bosna - Bukovica",
            "frequencyMhz": 98.1,
            "organization": "RTV Herceg Bosna",
            "serviceType": "FM Broadcasting",
            "stationClass": "BC"
          },
          {
            "name": "TV FBiH - Gluha Bukovica",
            "frequencyMhz": 623.25,
            "organization": "TV FBiH",
            "stationClass": "BT"
          }
        ]
      }
    },
    {
      "type": "Feature",
      "geometry": {
        "type": "Point",
        "coordinates": [
          17.686028,
          43.189472
        ]
      },
      "properties": {
        "siteId": "MEDJUGORJE.01",
        "name": "MEDJUGORJE.01",
        "transmitters": [
          {
            "name": "Oscar C - Medjugorje",
            "frequencyMhz": 88.5,
            "organization": "Radio HTV Oscar-C",
            "serviceType": "FM Broadcasting",
            "stationClass": "BC"
          }
        ]
      }
    },
    {
      "type": "Feature",
      "geometry": {
        "type": "Point",
        "coordinates": [
          18.665667,
          45.025806
        ]
      },
      "properties": {
        "siteId": "KOSTRC-01",
        "name": "KOSTRC-01",
        "transmitters": [
          {
            "name": "Radio postaja Orasje - Kostrc",
            "frequencyMhz": 105.9,
            "organization": "Radio postaja Orasje",
            "serviceType": "FM Broadcasting",
            "stationClass": "BC"
          },
          {
            "name": "Radio postaja Orasje - Kostrc2",
            "frequencyMhz": 88,
            "organization": "Radio postaja Orasje",
            "serviceType": "FM Broadcasting",
            "stationClass": "BC"
          }
        ]
      }
    },
    {
      "type": "Feature",
      "geometry": {
        "type": "Point",
        "coordinates": [
          18.441083,
          43.869167
        ]
      },
      "properties": {
        "siteId": "ZMAJEVAC-01",
        "name": "ZMAJEVAC-01",
        "transmitters": [
          {
            "name": "Radio postaja Vrhbosna - Zmajevac",
            "frequencyMhz": 90.5,
            "organization": "Radio postaja Vrhbosna",
            "serviceType": "FM Broadcasting",
            "stationClass": "BC"
          },
          {
            "name": "RSG - Zmajevac",
            "frequencyMhz": 97.5,
            "organization": "Radio Stari Grad",
            "serviceType": "FM Broadcasting",
            "stationClass": "BC"
          }
        ]
      }
    },
    {
      "type": "Feature",
      "geometry": {
        "type": "Point",
        "coordinates": [
          17.499722,
          44.081944
        ]
      },
      "properties": {
        "siteId": "LJUBINIC-01",
        "name": "LJUBINIC-01",
        "transmitters": [
          {
            "name": "RSG - Ljubinic",
            "frequencyMhz": 104.3,
            "organization": "Radio Stari Grad",
            "serviceType": "FM Broadcasting",
            "stationClass": "BC"
          },
          {
            "name": "TV Hayat - Ljubnic",
            "frequencyMhz": 695.25,
            "organization": "Hayat",
            "stationClass": "BT"
          }
        ]
      }
    },
    {
      "type": "Feature",
      "geometry": {
        "type": "Point",
        "coordinates": [
          17.624972,
          44.222778
        ]
      },
      "properties": {
        "siteId": "VIDOSEVICI-01",
        "name": "VIDOSEVICI-01",
        "transmitters": [
          {
            "name": "RSG - Vidosevici",
            "frequencyMhz": 104.3,
            "organization": "Radio Stari Grad",
            "serviceType": "FM Broadcasting",
            "stationClass": "BC"
          }
        ]
      }
    },
    {
      "type": "Feature",
      "geometry": {
        "type": "Point",
        "coordinates": [
          18.051806,
          43.865917
        ]
      },
      "properties": {
        "siteId": "KRESEVO-01",
        "name": "KRESEVO-01",
        "transmitters": [
          {
            "name": "KISS TV - Kresevo",
            "frequencyMhz": 647.25,
            "organization": "HRT Kiseljak - KISS TV",
            "stationClass": "BT"
          }
        ]
      }
    },
    {
      "type": "Feature",
      "geometry": {
        "type": "Point",
        "coordinates": [
          17.94425,
          43.913417
        ]
      },
      "properties": {
        "siteId": "KRESETOV BRIJEG-01",
        "name": "KRESETOV BRIJEG-01",
        "transmitters": [
          {
            "name": "KISS TV - Kresetov Brijeg",
            "frequencyMhz": 743.25,
            "organization": "HRT Kiseljak - KISS TV",
            "stationClass": "BT"
          }
        ]
      }
    },
    {
      "type": "Feature",
      "geometry": {
        "type": "Point",
        "coordinates": [
          16.339417,
          44.599639
        ]
      },
      "properties": {
        "siteId": "VRSIC-01",
        "name": "VRSIC-01",
        "transmitters": [
          {
            "name": "OBN - Vrsic",
            "frequencyMhz": 703.25,
            "organization": "OBN",
            "stationClass": "BT"
          },
          {
            "name": "TV Pink - Vrsic",
            "frequencyMhz": 783.25,
            "organization": "Pink BH Company-Radio",
            "stationClass": "BT"
          },
          {
            "name": "TV FBiH - Vrsic",
            "frequencyMhz": 479.25,
            "organization": "TV FBiH",
            "stationClass": "BT"
          },
          {
            "name": "TV FBiH - Vrsic 2",
            "frequencyMhz": 607.25,
            "organization": "TV FBiH",
            "stationClass": "BT"
          },
          {
            "name": "BHT 1 - Vrsic",
            "frequencyMhz": 663.25,
            "organization": "BHRT - BHT 1",
            "stationClass": "BT"
          }
        ]
      }
    },
    {
      "type": "Feature",
      "geometry": {
        "type": "Point",
        "coordinates": [
          16.394528,
          44.348361
        ]
      },
      "properties": {
        "siteId": "TRNINIC BRIJEG-01",
        "name": "TRNINIC BRIJEG-01",
        "transmitters": [
          {
            "name": "OBN - Trninic Brijeg",
            "frequencyMhz": 583.25,
            "organization": "OBN",
            "stationClass": "BT"
          },
          {
            "name": "TV FBiH - Trninica Brijeg",
            "frequencyMhz": 623.25,
            "organization": "TV FBiH",
            "stationClass": "BT"
          },
          {
            "name": "BHT 1 - Trninica brijeg",
            "frequencyMhz": 503.25,
            "organization": "BHRT - BHT 1",
            "stationClass": "BT"
          }
        ]
      }
    },
    {
      "type": "Feature",
      "geometry": {
        "type": "Point",
        "coordinates": [
          16.155444,
          44.877667
        ]
      },
      "properties": {
        "siteId": "ALAN-01",
        "name": "ALAN-01",
        "transmitters": [
          {
            "name": "OBN - Alan",
            "frequencyMhz": 551.25,
            "organization": "OBN",
            "stationClass": "BT"
          },
          {
            "name": "TV FBiH - Alan",
            "frequencyMhz": 471.25,
            "organization": "TV FBiH",
            "stationClass": "BT"
          },
          {
            "name": "BHT 1 - Alan",
            "frequencyMhz": 189.25,
            "organization": "BHRT - BHT 1",
            "stationClass": "BT"
          }
        ]
      }
    },
    {
      "type": "Feature",
      "geometry": {
        "type": "Point",
        "coordinates": [
          17.888417,
          44.531806
        ]
      },
      "properties": {
        "siteId": "KONDZILO-01",
        "name": "KONDZILO-01",
        "transmitters": [
          {
            "name": "OBN - Kondzilo",
            "frequencyMhz": 687.25,
            "organization": "OBN",
            "stationClass": "BT"
          },
          {
            "name": "Televizija RS - Kondzilo",
            "frequencyMhz": 487.25,
            "organization": "RTRS - Televizija RS",
            "stationClass": "BT"
          },
          {
            "name": "BHT 1 - Kondzilo",
            "frequencyMhz": 607.25,
            "organization": "BHRT - BHT 1",
            "stationClass": "BT"
          }
        ]
      }
    },
    {
      "type": "Feature",
      "geometry": {
        "type": "Point",
        "coordinates": [
          18.123389,
          44.089889
        ]
      },
      "properties": {
        "siteId": "CATICI-01",
        "name": "CATICI-01",
        "transmitters": [
          {
            "name": "OBN - Catici",
            "frequencyMhz": 655.25,
            "organization": "OBN",
            "stationClass": "BT"
          },
          {
            "name": "TV Hayat - Catici",
            "frequencyMhz": 519.25,
            "organization": "Hayat",
            "stationClass": "BT"
          }
        ]
      }
    },
    {
      "type": "Feature",
      "geometry": {
        "type": "Point",
        "coordinates": [
          18.210889,
          43.823222
        ]
      },
      "properties": {
        "siteId": "KOPISANJ-01",
        "name": "KOPISANJ-01",
        "transmitters": [
          {
            "name": "OBN - Kopisanj",
            "frequencyMhz": 775.25,
            "organization": "OBN",
            "stationClass": "BT"
          },
          {
            "name": "TV Hayat - Kopisanj",
            "frequencyMhz": 511.25,
            "organization": "Hayat",
            "stationClass": "BT"
          },
          {
            "name": "TV FBiH - Kopisanj",
            "frequencyMhz": 487.25,
            "organization": "TV FBiH",
            "stationClass": "BT"
          },
          {
            "name": "BHT 1 - Kopisanj",
            "frequencyMhz": 203.25,
            "organization": "BHRT - BHT 1",
            "stationClass": "BT"
          }
        ]
      }
    },
    {
      "type": "Feature",
      "geometry": {
        "type": "Point",
        "coordinates": [
          17.339806,
          43.488278
        ]
      },
      "properties": {
        "siteId": "GRADINA PO-01",
        "name": "GRADINA PO-01",
        "transmitters": [
          {
            "name": "OBN - Gradina",
            "frequencyMhz": 479.25,
            "organization": "OBN",
            "stationClass": "BT"
          }
        ]
      }
    },
    {
      "type": "Feature",
      "geometry": {
        "type": "Point",
        "coordinates": [
          17.312,
          43.650472
        ]
      },
      "properties": {
        "siteId": "LIB-01",
        "name": "LIB-01",
        "transmitters": [
          {
            "name": "OBN - Lib",
            "frequencyMhz": 783.25,
            "organization": "OBN",
            "stationClass": "BT"
          },
          {
            "name": "TV FBiH - Lib",
            "frequencyMhz": 503.25,
            "organization": "TV FBiH",
            "stationClass": "BT"
          },
          {
            "name": "BHT 1 - Lib",
            "frequencyMhz": 224.25,
            "organization": "BHRT - BHT 1",
            "stationClass": "BT"
          }
        ]
      }
    },
    {
      "type": "Feature",
      "geometry": {
        "type": "Point",
        "coordinates": [
          17.780778,
          43.369
        ]
      },
      "properties": {
        "siteId": "PLANINICA-01",
        "name": "PLANINICA-01",
        "transmitters": [
          {
            "name": "OBN - Planinica",
            "frequencyMhz": 471.25,
            "organization": "OBN",
            "stationClass": "BT"
          },
          {
            "name": "Hercegovacka TV Mostar - Planinica",
            "frequencyMhz": 647.25,
            "organization": "Hercegovacka televizija Mostar",
            "stationClass": "BT"
          },
          {
            "name": "TV Oscar C - Planinica",
            "frequencyMhz": 711.25,
            "organization": "Radio HTV Oscar-C",
            "stationClass": "BT"
          },
          {
            "name": "TV FBiH - Planinica",
            "frequencyMhz": 487.25,
            "organization": "TV FBiH",
            "stationClass": "BT"
          },
          {
            "name": "BHT 1 - Planinica",
            "frequencyMhz": 224.25,
            "organization": "BHRT - BHT 1",
            "stationClass": "BT"
          }
        ]
      }
    },
    {
      "type": "Feature",
      "geometry": {
        "type": "Point",
        "coordinates": [
          17.608889,
          42.913389
        ]
      },
      "properties": {
        "siteId": "POLUOTOK-01",
        "name": "POLUOTOK-01",
        "transmitters": [
          {
            "name": "OBN - Poluotok",
            "frequencyMhz": 495.25,
            "organization": "OBN",
            "stationClass": "BT"
          }
        ]
      }
    },
    {
      "type": "Feature",
      "geometry": {
        "type": "Point",
        "coordinates": [
          17.533889,
          43.354833
        ]
      },
      "properties": {
        "siteId": "MAGOVNIK-01",
        "name": "MAGOVNIK-01",
        "transmitters": [
          {
            "name": "OBN - Magovnik",
            "frequencyMhz": 559.25,
            "organization": "OBN",
            "stationClass": "BT"
          }
        ]
      }
    },
    {
      "type": "Feature",
      "geometry": {
        "type": "Point",
        "coordinates": [
          18.326639,
          42.694889
        ]
      },
      "properties": {
        "siteId": "V_HUM-01",
        "name": "V_HUM-01",
        "transmitters": [
          {
            "name": "OBN - V.Hum",
            "frequencyMhz": 575.25,
            "organization": "OBN",
            "stationClass": "BT"
          }
        ]
      }
    },
    {
      "type": "Feature",
      "geometry": {
        "type": "Point",
        "coordinates": [
          17.636056,
          44.293472
        ]
      },
      "properties": {
        "siteId": "PALJENIK-01",
        "name": "PALJENIK-01",
        "transmitters": [
          {
            "name": "OBN - Paljenik",
            "frequencyMhz": 583.25,
            "organization": "OBN",
            "stationClass": "BT"
          }
        ]
      }
    },
    {
      "type": "Feature",
      "geometry": {
        "type": "Point",
        "coordinates": [
          18.823806,
          43.606694
        ]
      },
      "properties": {
        "siteId": "ZEBINA SUMA-01",
        "name": "ZEBINA SUMA-01",
        "transmitters": [
          {
            "name": "TV Gorazde - Zebina Suma",
            "frequencyMhz": 591.25,
            "organization": "RTV Gorazde",
            "stationClass": "BT"
          },
          {
            "name": "TV FBiH - Zebina suma",
            "frequencyMhz": 679.25,
            "organization": "TV FBiH",
            "stationClass": "BT"
          },
          {
            "name": "BHT 1 - Zebina suma",
            "frequencyMhz": 224.25,
            "organization": "BHRT - BHT 1",
            "stationClass": "BT"
          }
        ]
      }
    },
    {
      "type": "Feature",
      "geometry": {
        "type": "Point",
        "coordinates": [
          15.985278,
          45.003861
        ]
      },
      "properties": {
        "siteId": "SLJEME-01",
        "name": "SLJEME-01",
        "transmitters": [
          {
            "name": "TV Cazin - Sljeme",
            "frequencyMhz": 767.25,
            "organization": "JP RTV Cazin",
            "stationClass": "BT"
          }
        ]
      }
    },
    {
      "type": "Feature",
      "geometry": {
        "type": "Point",
        "coordinates": [
          17.79825,
          44.211222
        ]
      },
      "properties": {
        "siteId": "KLJACI-01",
        "name": "KLJACI-01",
        "transmitters": [
          {
            "name": "NTV Jasmin - Kljaci",
            "frequencyMhz": 639.25,
            "organization": "NTV Jasmin",
            "stationClass": "BT"
          },
          {
            "name": "TV Travnik - kljaci",
            "frequencyMhz": 647.25,
            "organization": "NRTV Travnik",
            "stationClass": "BT"
          }
        ]
      }
    },
    {
      "type": "Feature",
      "geometry": {
        "type": "Point",
        "coordinates": [
          18.7275,
          44.471889
        ]
      },
      "properties": {
        "siteId": "BEGICI-01",
        "name": "BEGICI-01",
        "transmitters": [
          {
            "name": "RTV Zivinice - Gornje Dubrave-Begici",
            "frequencyMhz": 663.25,
            "organization": "RTV Zivinice",
            "stationClass": "BT"
          }
        ]
      }
    },
    {
      "type": "Feature",
      "geometry": {
        "type": "Point",
        "coordinates": [
          17.934111,
          44.010722
        ]
      },
      "properties": {
        "siteId": "BANDERA-01",
        "name": "BANDERA-01",
        "transmitters": [
          {
            "name": "NTV studio 99 - Bandera",
            "frequencyMhz": 591.25,
            "organization": "NRTV studio 99",
            "stationClass": "BT"
          },
          {
            "name": "TV FBiH - Bandera",
            "frequencyMhz": 503.25,
            "organization": "TV FBiH",
            "stationClass": "BT"
          },
          {
            "name": "TV FBiH - Bandera 2",
            "frequencyMhz": 687.25,
            "organization": "TV FBiH",
            "stationClass": "BT"
          },
          {
            "name": "BHT 1 - Bandera",
            "frequencyMhz": 623.25,
            "organization": "BHRT - BHT 1",
            "stationClass": "BT"
          }
        ]
      }
    },
    {
      "type": "Feature",
      "geometry": {
        "type": "Point",
        "coordinates": [
          18.095861,
          44.098722
        ]
      },
      "properties": {
        "siteId": "PAPRATNICA-01",
        "name": "PAPRATNICA-01",
        "transmitters": [
          {
            "name": "NTV IC - Papratnica",
            "frequencyMhz": 631.25,
            "organization": "NTV IC",
            "stationClass": "BT"
          },
          {
            "name": "TV Pink - Papratnica",
            "frequencyMhz": 727.25,
            "organization": "Pink BH Company-Radio",
            "stationClass": "BT"
          }
        ]
      }
    },
    {
      "type": "Feature",
      "geometry": {
        "type": "Point",
        "coordinates": [
          17.865417,
          43.410583
        ]
      },
      "properties": {
        "siteId": "POTOCI-01",
        "name": "POTOCI-01",
        "transmitters": [
          {
            "name": "Hercegovacka TV Mostar - Potoci",
            "frequencyMhz": 783.25,
            "organization": "Hercegovacka televizija Mostar",
            "stationClass": "BT"
          },
          {
            "name": "TV Mostar - Potoci",
            "frequencyMhz": 527.25,
            "organization": "RTV Mostar",
            "stationClass": "BT"
          },
          {
            "name": "TV Oscar C - Potoci",
            "frequencyMhz": 727.25,
            "organization": "Radio HTV Oscar-C",
            "stationClass": "BT"
          },
          {
            "name": "TV FBiH - Potoci",
            "frequencyMhz": 751.25,
            "organization": "TV FBiH",
            "stationClass": "BT"
          },
          {
            "name": "BHT 1 - Potoci",
            "frequencyMhz": 567.25,
            "organization": "BHRT - BHT 1",
            "stationClass": "BT"
          },
          {
            "name": "BHT 1 - Potoci",
            "frequencyMhz": 655.25,
            "organization": "BHRT - BHT 1",
            "stationClass": "BT"
          }
        ]
      }
    },
    {
      "type": "Feature",
      "geometry": {
        "type": "Point",
        "coordinates": [
          17.802056,
          43.308611
        ]
      },
      "properties": {
        "siteId": "RODOC-01",
        "name": "RODOC-01",
        "transmitters": [
          {
            "name": "Hercegovacka TV Mostar - Rodoc",
            "frequencyMhz": 783.25,
            "organization": "Hercegovacka televizija Mostar",
            "stationClass": "BT"
          },
          {
            "name": "TV Oscar C - Rodoc",
            "frequencyMhz": 767.25,
            "organization": "Radio HTV Oscar-C",
            "stationClass": "BT"
          },
          {
            "name": "TV FBiH - Rodoc",
            "frequencyMhz": 743.25,
            "organization": "TV FBiH",
            "stationClass": "BT"
          },
          {
            "name": "BHT 1 - Rodoc",
            "frequencyMhz": 687.25,
            "organization": "BHRT - BHT 1",
            "stationClass": "BT"
          }
        ]
      }
    },
    {
      "type": "Feature",
      "geometry": {
        "type": "Point",
        "coordinates": [
          17.811056,
          43.338917
        ]
      },
      "properties": {
        "siteId": "MOSTAR GRAD-02",
        "name": "MOSTAR GRAD-02",
        "transmitters": [
          {
            "name": "TV Mostar - Mostar grad",
            "frequencyMhz": 527.25,
            "organization": "RTV Mostar",
            "stationClass": "BT"
          },
          {
            "name": "Radio Posusje - Mostar grad",
            "frequencyMhz": 102.9,
            "organization": "Radio Posušje",
            "serviceType": "FM Broadcasting",
            "stationClass": "BC"
          }
        ]
      }
    },
    {
      "type": "Feature",
      "geometry": {
        "type": "Point",
        "coordinates": [
          17.888028,
          43.24975
        ]
      },
      "properties": {
        "siteId": "MISIJA GOMILA-01",
        "name": "MISIJA GOMILA-01",
        "transmitters": [
          {
            "name": "TV Mostar - Misija Gomila",
            "frequencyMhz": 575.25,
            "organization": "RTV Mostar",
            "stationClass": "BT"
          }
        ]
      }
    },
    {
      "type": "Feature",
      "geometry": {
        "type": "Point",
        "coordinates": [
          18.189694,
          44.008361
        ]
      },
      "properties": {
        "siteId": "TAUKCICI-01",
        "name": "TAUKCICI-01",
        "transmitters": [
          {
            "name": "TV Visoko - Taukcici",
            "frequencyMhz": 503.25,
            "organization": "RTV Visoko",
            "stationClass": "BT"
          }
        ]
      }
    },
    {
      "type": "Feature",
      "geometry": {
        "type": "Point",
        "coordinates": [
          18.348056,
          43.886667
        ]
      },
      "properties": {
        "siteId": "SEMIZOVAC-01",
        "name": "SEMIZOVAC-01",
        "transmitters": [
          {
            "name": "TV Vogosca - Semizovac",
            "frequencyMhz": 575.25,
            "organization": "RTV Vogosca",
            "stationClass": "BT"
          }
        ]
      }
    },
    {
      "type": "Feature",
      "geometry": {
        "type": "Point",
        "coordinates": [
          17.833722,
          44.340417
        ]
      },
      "properties": {
        "siteId": "ORAHOVICA-01",
        "name": "ORAHOVICA-01",
        "transmitters": [
          {
            "name": "TV Zenica",
            "frequencyMhz": 631.25,
            "organization": "RTV Zenica",
            "stationClass": "BT"
          },
          {
            "name": "TV FBiH - Orahovica",
            "frequencyMhz": 735.25,
            "organization": "TV FBiH",
            "stationClass": "BT"
          }
        ]
      }
    },
    {
      "type": "Feature",
      "geometry": {
        "type": "Point",
        "coordinates": [
          18.056444,
          44.213194
        ]
      },
      "properties": {
        "siteId": "BABINO-01",
        "name": "BABINO-01",
        "transmitters": [
          {
            "name": "TV Zenica - Babino",
            "frequencyMhz": 631.25,
            "organization": "RTV Zenica",
            "stationClass": "BT"
          }
        ]
      }
    },
    {
      "type": "Feature",
      "geometry": {
        "type": "Point",
        "coordinates": [
          17.914,
          44.33525
        ]
      },
      "properties": {
        "siteId": "CERINAC-01",
        "name": "CERINAC-01",
        "transmitters": [
          {
            "name": "TV Zenica - Cerinac",
            "frequencyMhz": 551.25,
            "organization": "RTV Zenica",
            "stationClass": "BT"
          },
          {
            "name": "BHT 1 - Cerinac",
            "frequencyMhz": 203.25,
            "organization": "BHRT - BHT 1",
            "stationClass": "BT"
          }
        ]
      }
    },
    {
      "type": "Feature",
      "geometry": {
        "type": "Point",
        "coordinates": [
          16.654139,
          44.766556
        ]
      },
      "properties": {
        "siteId": "SANSKI MOST-01",
        "name": "SANSKI MOST-01",
        "transmitters": [
          {
            "name": "NTV 101 - Sanski Most",
            "frequencyMhz": 631.25,
            "organization": "NTV 101",
            "stationClass": "BT"
          },
          {
            "name": "TV Hayat - Sanski Most",
            "frequencyMhz": 751.25,
            "organization": "Hayat",
            "stationClass": "BT"
          }
        ]
      }
    },
    {
      "type": "Feature",
      "geometry": {
        "type": "Point",
        "coordinates": [
          16.664889,
          44.954972
        ]
      },
      "properties": {
        "siteId": "HAMBARINE-01",
        "name": "HAMBARINE-01",
        "transmitters": [
          {
            "name": "NTV 101 - Hambarine",
            "frequencyMhz": 695.25,
            "organization": "NTV 101",
            "stationClass": "BT"
          }
        ]
      }
    },
    {
      "type": "Feature",
      "geometry": {
        "type": "Point",
        "coordinates": [
          18.308611,
          43.789722
        ]
      },
      "properties": {
        "siteId": "OSMICE-01",
        "name": "OSMICE-01",
        "transmitters": [
          {
            "name": "TV Kantona Sarajevo - Osmice",
            "frequencyMhz": 671.25,
            "organization": "JP TV Kantona Sarajevo",
            "stationClass": "BT"
          },
          {
            "name": "TV Hayat - Osmice",
            "frequencyMhz": 519.25,
            "organization": "Hayat",
            "stationClass": "BT"
          }
        ]
      }
    },
    {
      "type": "Feature",
      "geometry": {
        "type": "Point",
        "coordinates": [
          18.217417,
          43.666806
        ]
      },
      "properties": {
        "siteId": "ORLOVAC-01",
        "name": "ORLOVAC-01",
        "transmitters": [
          {
            "name": "TV Kantona Sarajevo - Orlovac",
            "frequencyMhz": 599.25,
            "organization": "JP TV Kantona Sarajevo",
            "stationClass": "BT"
          }
        ]
      }
    },
    {
      "type": "Feature",
      "geometry": {
        "type": "Point",
        "coordinates": [
          18.478806,
          43.704083
        ]
      },
      "properties": {
        "siteId": "RAT-01",
        "name": "RAT-01",
        "transmitters": [
          {
            "name": "TV Kantona Sarajevo - Rat",
            "frequencyMhz": 671.25,
            "organization": "JP TV Kantona Sarajevo",
            "stationClass": "BT"
          }
        ]
      }
    },
    {
      "type": "Feature",
      "geometry": {
        "type": "Point",
        "coordinates": [
          18.500722,
          44.521417
        ]
      },
      "properties": {
        "siteId": "MODRAC-01",
        "name": "MODRAC-01",
        "transmitters": [
          {
            "name": "TV Tuzlanska - Modrac",
            "frequencyMhz": 527.25,
            "organization": "TV Tuzlanska",
            "stationClass": "BT"
          },
          {
            "name": "Televizija Slon - Modrac",
            "frequencyMhz": 735.25,
            "organization": "Radio Slon",
            "stationClass": "BT"
          },
          {
            "name": "TV Pink - Modrac",
            "frequencyMhz": 623.25,
            "organization": "Pink BH Company-Radio",
            "stationClass": "BT"
          },
          {
            "name": "TV FBiH - Modrac",
            "frequencyMhz": 647.25,
            "organization": "TV FBiH",
            "stationClass": "BT"
          }
        ]
      }
    },
    {
      "type": "Feature",
      "geometry": {
        "type": "Point",
        "coordinates": [
          18.669139,
          44.5415
        ]
      },
      "properties": {
        "siteId": "TUZLA SLATINA-01",
        "name": "TUZLA SLATINA-01",
        "transmitters": [
          {
            "name": "TV Tuzlanska - Tuzla-Slatina",
            "frequencyMhz": 527.25,
            "organization": "TV Tuzlanska",
            "stationClass": "BT"
          }
        ]
      }
    },
    {
      "type": "Feature",
      "geometry": {
        "type": "Point",
        "coordinates": [
          19.37,
          43.621222
        ]
      },
      "properties": {
        "siteId": "RUDO GRAD-01",
        "name": "RUDO GRAD-01",
        "transmitters": [
          {
            "name": "RTV Rudo - Rudo grad",
            "frequencyMhz": 511.25,
            "organization": "RTV Rudo",
            "stationClass": "BT"
          }
        ]
      }
    },
    {
      "type": "Feature",
      "geometry": {
        "type": "Point",
        "coordinates": [
          18.326639,
          42.694889
        ]
      },
      "properties": {
        "siteId": "HUMAC-01",
        "name": "HUMAC-01",
        "transmitters": [
          {
            "name": "TV Herceg - Humac",
            "frequencyMhz": 623.25,
            "organization": "TV Herceg",
            "stationClass": "BT"
          },
          {
            "name": "BHT 1 - Humac",
            "frequencyMhz": 687.25,
            "organization": "BHRT - BHT 1",
            "stationClass": "BT"
          }
        ]
      }
    },
    {
      "type": "Feature",
      "geometry": {
        "type": "Point",
        "coordinates": [
          17.479444,
          44.5675
        ]
      },
      "properties": {
        "siteId": "OBODNIK-01",
        "name": "OBODNIK-01",
        "transmitters": [
          {
            "name": "TV Balkan - Obodnik",
            "frequencyMhz": 687.25,
            "organization": "TV Balkan",
            "stationClass": "BT"
          },
          {
            "name": "TV Pink - Obodnik",
            "frequencyMhz": 471.25,
            "organization": "Pink BH Company-Radio",
            "stationClass": "BT"
          },
          {
            "name": "Televizija RS - Obodnik",
            "frequencyMhz": 196.25,
            "organization": "RTRS - Televizija RS",
            "stationClass": "BT"
          },
          {
            "name": "BHT 1 - Obodnik",
            "frequencyMhz": 591.25,
            "organization": "BHRT - BHT 1",
            "stationClass": "BT"
          }
        ]
      }
    },
    {
      "type": "Feature",
      "geometry": {
        "type": "Point",
        "coordinates": [
          18.335806,
          43.843389
        ]
      },
      "properties": {
        "siteId": "SARAJEVO STUP-01",
        "name": "SARAJEVO STUP-01",
        "transmitters": [
          {
            "name": "RTV Alfa - Sarajevo Stup",
            "frequencyMhz": 703.25,
            "organization": "RTV Alfa",
            "stationClass": "BT"
          }
        ]
      }
    },
    {
      "type": "Feature",
      "geometry": {
        "type": "Point",
        "coordinates": [
          18.533361,
          43.829889
        ]
      },
      "properties": {
        "siteId": "PRIBANJ-01",
        "name": "PRIBANJ-01",
        "transmitters": [
          {
            "name": "TV OSM - Pribanj",
            "frequencyMhz": 711.25,
            "organization": "Radio OSM",
            "stationClass": "BT"
          }
        ]
      }
    },
    {
      "type": "Feature",
      "geometry": {
        "type": "Point",
        "coordinates": [
          18.49,
          43.8965
        ]
      },
      "properties": {
        "siteId": "SILJATO BRDO-01",
        "name": "SILJATO BRDO-01",
        "transmitters": [
          {
            "name": "TV OSM - Siljato brdo",
            "frequencyMhz": 639.25,
            "organization": "Radio OSM",
            "stationClass": "BT"
          },
          {
            "name": "TV Pink - Siljato brdo",
            "frequencyMhz": 623.25,
            "organization": "Pink BH Company-Radio",
            "stationClass": "BT"
          }
        ]
      }
    },
    {
      "type": "Feature",
      "geometry": {
        "type": "Point",
        "coordinates": [
          18.709083,
          43.762056
        ]
      },
      "properties": {
        "siteId": "PODGRAB-01",
        "name": "PODGRAB-01",
        "transmitters": [
          {
            "name": "TV OSM - Podgrab",
            "frequencyMhz": 711.25,
            "organization": "Radio OSM",
            "stationClass": "BT"
          },
          {
            "name": "Televizija RS - Podgrab",
            "frequencyMhz": 210.25,
            "organization": "RTRS - Televizija RS",
            "stationClass": "BT"
          },
          {
            "name": "BHT 1 - Podgrab",
            "frequencyMhz": 775.25,
            "organization": "BHRT - BHT 1",
            "stationClass": "BT"
          }
        ]
      }
    },
    {
      "type": "Feature",
      "geometry": {
        "type": "Point",
        "coordinates": [
          18.565444,
          43.805056
        ]
      },
      "properties": {
        "siteId": "KORAN VODOVOD-01",
        "name": "KORAN VODOVOD-01",
        "transmitters": [
          {
            "name": "TV OSM - Koran Vodovod",
            "frequencyMhz": 575.25,
            "organization": "Radio OSM",
            "stationClass": "BT"
          },
          {
            "name": "TV Pink - Koran",
            "frequencyMhz": 743.25,
            "organization": "Pink BH Company-Radio",
            "stationClass": "BT"
          },
          {
            "name": "Alternativna Televizija - Koran",
            "frequencyMhz": 631.25,
            "organization": "Alternativna Televizija",
            "stationClass": "BT"
          }
        ]
      }
    },
    {
      "type": "Feature",
      "geometry": {
        "type": "Point",
        "coordinates": [
          18.099611,
          44.763917
        ]
      },
      "properties": {
        "siteId": "DOBOJ-01",
        "name": "DOBOJ-01",
        "transmitters": [
          {
            "name": "Televizija Dzungla - Doboj",
            "frequencyMhz": 727.25,
            "organization": "Radio Dzungla",
            "stationClass": "BT"
          },
          {
            "name": "Alternativna Televizija - Doboj",
            "frequencyMhz": 623.25,
            "organization": "Alternativna Televizija",
            "stationClass": "BT"
          }
        ]
      }
    },
    {
      "type": "Feature",
      "geometry": {
        "type": "Point",
        "coordinates": [
          44.736583,
          17.226056
        ]
      },
      "properties": {
        "siteId": "PONIR-01",
        "name": "PONIR-01",
        "transmitters": [
          {
            "name": "TV Simic - Ponir",
            "frequencyMhz": 671.25,
            "organization": "TV Simic",
            "stationClass": "BT"
          },
          {
            "name": "R0 SRRS Banja Luka",
            "frequencyMhz": 145.6,
            "organization": "SRRS-Radio klub Nikola Tesla BL",
            "stationClass": "AT"
          }
        ]
      }
    },
    {
      "type": "Feature",
      "geometry": {
        "type": "Point",
        "coordinates": [
          17.287806,
          44.909111
        ]
      },
      "properties": {
        "siteId": "LAKTASI-01",
        "name": "LAKTASI-01",
        "transmitters": [
          {
            "name": "TV Bel Kanal - Laktasi",
            "frequencyMhz": 695.25,
            "organization": "TV Bel Kanal",
            "stationClass": "BT"
          }
        ]
      }
    },
    {
      "type": "Feature",
      "geometry": {
        "type": "Point",
        "coordinates": [
          17.590306,
          43.374389
        ]
      },
      "properties": {
        "siteId": "IVANKOVICA DOLAC-01",
        "name": "IVANKOVICA DOLAC-01",
        "transmitters": [
          {
            "name": "TV Oscar C - Ivankovica Dolac",
            "frequencyMhz": 767.25,
            "organization": "Radio HTV Oscar-C",
            "stationClass": "BT"
          },
          {
            "name": "TV Pink - Ivankovica Dolac",
            "frequencyMhz": 599.25,
            "organization": "Pink BH Company-Radio",
            "stationClass": "BT"
          },
          {
            "name": "TV Hayat - Ivankovica Dolac",
            "frequencyMhz": 743.25,
            "organization": "Hayat",
            "stationClass": "BT"
          },
          {
            "name": "BHT 1 - Ivankovica Dolac",
            "frequencyMhz": 503.25,
            "organization": "BHRT - BHT 1",
            "stationClass": "BT"
          }
        ]
      }
    },
    {
      "type": "Feature",
      "geometry": {
        "type": "Point",
        "coordinates": [
          17.603,
          42.913083
        ]
      },
      "properties": {
        "siteId": "STON-01",
        "name": "STON-01",
        "transmitters": [
          {
            "name": "TV Oscar C - Ston",
            "frequencyMhz": 543.25,
            "organization": "Radio HTV Oscar-C",
            "stationClass": "BT"
          }
        ]
      }
    },
    {
      "type": "Feature",
      "geometry": {
        "type": "Point",
        "coordinates": [
          16.080361,
          44.558278
        ]
      },
      "properties": {
        "siteId": "OSTROVICA-01",
        "name": "OSTROVICA-01",
        "transmitters": [
          {
            "name": "TV USK - Ostrovica",
            "frequencyMhz": 527.25,
            "organization": "RTV USK",
            "stationClass": "BT"
          }
        ]
      }
    },
    {
      "type": "Feature",
      "geometry": {
        "type": "Point",
        "coordinates": [
          16.194417,
          44.955583
        ]
      },
      "properties": {
        "siteId": "D. ZEGAR-01",
        "name": "D. ZEGAR-01",
        "transmitters": [
          {
            "name": "TV USK - D. Zegar",
            "frequencyMhz": 543.25,
            "organization": "RTV USK",
            "stationClass": "BT"
          }
        ]
      }
    },
    {
      "type": "Feature",
      "geometry": {
        "type": "Point",
        "coordinates": [
          16.155444,
          44.877667
        ]
      },
      "properties": {
        "siteId": "BOSANSKA KRUPA-01",
        "name": "BOSANSKA KRUPA-01",
        "transmitters": [
          {
            "name": "TV USK - Bosankska Krupa grad",
            "frequencyMhz": 615.25,
            "organization": "RTV USK",
            "stationClass": "BT"
          }
        ]
      }
    },
    {
      "type": "Feature",
      "geometry": {
        "type": "Point",
        "coordinates": [
          15.950583,
          45.168861
        ]
      },
      "properties": {
        "siteId": "DIZDAREVICI-01",
        "name": "DIZDAREVICI-01",
        "transmitters": [
          {
            "name": "TV USK - Dizdarevici",
            "frequencyMhz": 639.25,
            "organization": "RTV USK",
            "stationClass": "BT"
          }
        ]
      }
    },
    {
      "type": "Feature",
      "geometry": {
        "type": "Point",
        "coordinates": [
          17.168056,
          44.7875
        ]
      },
      "properties": {
        "siteId": "PAPRIKOVAC-01",
        "name": "PAPRIKOVAC-01",
        "transmitters": [
          {
            "name": "TV Vikom - Paprikovac",
            "frequencyMhz": 767.25,
            "organization": "RTV Vikom",
            "stationClass": "BT"
          }
        ]
      }
    },
    {
      "type": "Feature",
      "geometry": {
        "type": "Point",
        "coordinates": [
          17.826056,
          44.608528
        ]
      },
      "properties": {
        "siteId": "GRACUN-01",
        "name": "GRACUN-01",
        "transmitters": [
          {
            "name": "TV Vikom - Gracun",
            "frequencyMhz": 783.25,
            "organization": "RTV Vikom",
            "stationClass": "BT"
          },
          {
            "name": "TV BN - Gracun",
            "frequencyMhz": 743.25,
            "organization": "RTV BN",
            "stationClass": "BT"
          }
        ]
      }
    },
    {
      "type": "Feature",
      "geometry": {
        "type": "Point",
        "coordinates": [
          16.135556,
          44.486944
        ]
      },
      "properties": {
        "siteId": "MARTIN BROD-01",
        "name": "MARTIN BROD-01",
        "transmitters": [
          {
            "name": "TV USK - Martin Brod",
            "frequencyMhz": 647.25,
            "organization": "RTV USK",
            "stationClass": "BT"
          },
          {
            "name": "BHT 1 - Martin-Brod",
            "frequencyMhz": 203.25,
            "organization": "BHRT - BHT 1",
            "stationClass": "BT"
          }
        ]
      }
    },
    {
      "type": "Feature",
      "geometry": {
        "type": "Point",
        "coordinates": [
          15.918583,
          44.760889
        ]
      },
      "properties": {
        "siteId": "LOHOVO-01",
        "name": "LOHOVO-01",
        "transmitters": [
          {
            "name": "TV USK - Lohovo",
            "frequencyMhz": 743.25,
            "organization": "RTV USK",
            "stationClass": "BT"
          },
          {
            "name": "TV FBiH - Lohovo",
            "frequencyMhz": 479.25,
            "organization": "TV FBiH",
            "stationClass": "BT"
          },
          {
            "name": "BHT 1 - Lohovo",
            "frequencyMhz": 591.25,
            "organization": "BHRT - BHT 1",
            "stationClass": "BT"
          }
        ]
      }
    },
    {
      "type": "Feature",
      "geometry": {
        "type": "Point",
        "coordinates": [
          16.460139,
          44.765611
        ]
      },
      "properties": {
        "siteId": "VITOROGA-01",
        "name": "VITOROGA-01",
        "transmitters": [
          {
            "name": "TV USK - Vitoroga",
            "frequencyMhz": 623.25,
            "organization": "RTV USK",
            "stationClass": "BT"
          },
          {
            "name": "TV FBiH - Vitogora",
            "frequencyMhz": 607.25,
            "organization": "TV FBiH",
            "stationClass": "BT"
          },
          {
            "name": "TV FBiH - Vitoroga",
            "frequencyMhz": 655.25,
            "organization": "TV FBiH",
            "stationClass": "BT"
          },
          {
            "name": "BHT 1 - Vitoroga",
            "frequencyMhz": 511.25,
            "organization": "BHRT - BHT 1",
            "stationClass": "BT"
          }
        ]
      }
    },
    {
      "type": "Feature",
      "geometry": {
        "type": "Point",
        "coordinates": [
          16.580306,
          44.793278
        ]
      },
      "properties": {
        "siteId": "KAMENGRAD DONJI-01",
        "name": "KAMENGRAD DONJI-01",
        "transmitters": [
          {
            "name": "TV USK - Kamengrad Donji",
            "frequencyMhz": 695.25,
            "organization": "RTV USK",
            "stationClass": "BT"
          }
        ]
      }
    },
    {
      "type": "Feature",
      "geometry": {
        "type": "Point",
        "coordinates": [
          16.533222,
          44.800667
        ]
      },
      "properties": {
        "siteId": "KAMENGRAD GORNJI-01",
        "name": "KAMENGRAD GORNJI-01",
        "transmitters": [
          {
            "name": "TV USK - Kamengrad Gornji",
            "frequencyMhz": 711.25,
            "organization": "RTV USK",
            "stationClass": "BT"
          }
        ]
      }
    },
    {
      "type": "Feature",
      "geometry": {
        "type": "Point",
        "coordinates": [
          19.08575,
          44.176139
        ]
      },
      "properties": {
        "siteId": "MILICI-01",
        "name": "MILICI-01",
        "transmitters": [
          {
            "name": "Alternativna Televizija - Milici",
            "frequencyMhz": 647.25,
            "organization": "Alternativna Televizija",
            "stationClass": "BT"
          }
        ]
      }
    },
    {
      "type": "Feature",
      "geometry": {
        "type": "Point",
        "coordinates": [
          18.766611,
          43.514083
        ]
      },
      "properties": {
        "siteId": "SISTE-01",
        "name": "SISTE-01",
        "transmitters": [
          {
            "name": "Alternativna Televizija - Siste",
            "frequencyMhz": 663.25,
            "organization": "Alternativna Televizija",
            "stationClass": "BT"
          },
          {
            "name": "TV Hayat - Siste",
            "frequencyMhz": 511.25,
            "organization": "Hayat",
            "stationClass": "BT"
          },
          {
            "name": "Televizija RS - Siste",
            "frequencyMhz": 527.25,
            "organization": "RTRS - Televizija RS",
            "stationClass": "BT"
          }
        ]
      }
    },
    {
      "type": "Feature",
      "geometry": {
        "type": "Point",
        "coordinates": [
          18.279944,
          44.667944
        ]
      },
      "properties": {
        "siteId": "BOLJANIC-01",
        "name": "BOLJANIC-01",
        "transmitters": [
          {
            "name": "TV BN - Boljanic",
            "frequencyMhz": 695.25,
            "organization": "RTV BN",
            "stationClass": "BT"
          }
        ]
      }
    },
    {
      "type": "Feature",
      "geometry": {
        "type": "Point",
        "coordinates": [
          19.133889,
          44.794722
        ]
      },
      "properties": {
        "siteId": "BIJELJINA SECERANA-01",
        "name": "BIJELJINA SECERANA-01",
        "transmitters": [
          {
            "name": "TV BN - Bijeljina-Secerana",
            "frequencyMhz": 695.25,
            "organization": "RTV BN",
            "stationClass": "BT"
          }
        ]
      }
    },
    {
      "type": "Feature",
      "geometry": {
        "type": "Point",
        "coordinates": [
          19.068278,
          43.667583
        ]
      },
      "properties": {
        "siteId": "KOPACI-01",
        "name": "KOPACI-01",
        "transmitters": [
          {
            "name": "TV BN - Kopaci",
            "frequencyMhz": 743.25,
            "organization": "RTV BN",
            "stationClass": "BT"
          }
        ]
      }
    },
    {
      "type": "Feature",
      "geometry": {
        "type": "Point",
        "coordinates": [
          18.923889,
          44.181667
        ]
      },
      "properties": {
        "siteId": "VISELAC-01",
        "name": "VISELAC-01",
        "transmitters": [
          {
            "name": "TV BN - Viselac",
            "frequencyMhz": 639.25,
            "organization": "RTV BN",
            "stationClass": "BT"
          },
          {
            "name": "Televizija RS - Viselac",
            "frequencyMhz": 224.25,
            "organization": "RTRS - Televizija RS",
            "stationClass": "BT"
          }
        ]
      }
    },
    {
      "type": "Feature",
      "geometry": {
        "type": "Point",
        "coordinates": [
          18.563583,
          43.804639
        ]
      },
      "properties": {
        "siteId": "VELIKI KORAN-01",
        "name": "VELIKI KORAN-01",
        "transmitters": [
          {
            "name": "TV BN - Veliki Koran",
            "frequencyMhz": 607.25,
            "organization": "RTV BN",
            "stationClass": "BT"
          },
          {
            "name": "Televizija RS - V.Koran",
            "frequencyMhz": 511.25,
            "organization": "RTRS - Televizija RS",
            "stationClass": "BT"
          }
        ]
      }
    },
    {
      "type": "Feature",
      "geometry": {
        "type": "Point",
        "coordinates": [
          19.200833,
          44.752222
        ]
      },
      "properties": {
        "siteId": "BIELJINA SILOS-01",
        "name": "BIELJINA SILOS-01",
        "transmitters": [
          {
            "name": "TV BN - bijeljina-Silos",
            "frequencyMhz": 503.25,
            "organization": "RTV BN",
            "stationClass": "BT"
          }
        ]
      }
    },
    {
      "type": "Feature",
      "geometry": {
        "type": "Point",
        "coordinates": [
          16.916667,
          44.335
        ]
      },
      "properties": {
        "siteId": "MEDNA-01",
        "name": "MEDNA-01",
        "transmitters": [
          {
            "name": "TV Valentino - Medna",
            "frequencyMhz": 471.25,
            "organization": "Obiteljski radio Valentino",
            "stationClass": "BT"
          }
        ]
      }
    },
    {
      "type": "Feature",
      "geometry": {
        "type": "Point",
        "coordinates": [
          18.086667,
          44.417778
        ]
      },
      "properties": {
        "siteId": "BISTRICA-01",
        "name": "BISTRICA-01",
        "transmitters": [
          {
            "name": "TV Valentino - Bistrica",
            "frequencyMhz": 727.25,
            "organization": "Obiteljski radio Valentino",
            "stationClass": "BT"
          }
        ]
      }
    },
    {
      "type": "Feature",
      "geometry": {
        "type": "Point",
        "coordinates": [
          17.123944,
          44.378361
        ]
      },
      "properties": {
        "siteId": "MAJDAN-01",
        "name": "MAJDAN-01",
        "transmitters": [
          {
            "name": "TV Valentino - Majdan",
            "frequencyMhz": 647.25,
            "organization": "Obiteljski radio Valentino",
            "stationClass": "BT"
          }
        ]
      }
    },
    {
      "type": "Feature",
      "geometry": {
        "type": "Point",
        "coordinates": [
          18.048944,
          43.865917
        ]
      },
      "properties": {
        "siteId": "SOTNICE-01",
        "name": "SOTNICE-01",
        "transmitters": [
          {
            "name": "TV Valentino - Sotnice",
            "frequencyMhz": 655.25,
            "organization": "Obiteljski radio Valentino",
            "stationClass": "BT"
          },
          {
            "name": "TV FBiH - Sotnice",
            "frequencyMhz": 567.25,
            "organization": "TV FBiH",
            "stationClass": "BT"
          },
          {
            "name": "BHT 1 - Sotnice",
            "frequencyMhz": 203.25,
            "organization": "BHRT - BHT 1",
            "stationClass": "BT"
          }
        ]
      }
    },
    {
      "type": "Feature",
      "geometry": {
        "type": "Point",
        "coordinates": [
          17.911389,
          44.208889
        ]
      },
      "properties": {
        "siteId": "ZENICA-03",
        "name": "ZENICA-03",
        "transmitters": [
          {
            "name": "TV Valentino - Zenica",
            "frequencyMhz": 711.25,
            "organization": "Obiteljski radio Valentino",
            "stationClass": "BT"
          }
        ]
      }
    },
    {
      "type": "Feature",
      "geometry": {
        "type": "Point",
        "coordinates": [
          17.769972,
          43.659278
        ]
      },
      "properties": {
        "siteId": "KRIZNICE-01",
        "name": "KRIZNICE-01",
        "transmitters": [
          {
            "name": "TV Valentino - Kriznice",
            "frequencyMhz": 591.25,
            "organization": "Obiteljski radio Valentino",
            "stationClass": "BT"
          }
        ]
      }
    },
    {
      "type": "Feature",
      "geometry": {
        "type": "Point",
        "coordinates": [
          17.161833,
          44.622583
        ]
      },
      "properties": {
        "siteId": "BJELICA-01",
        "name": "BJELICA-01",
        "transmitters": [
          {
            "name": "TV Pink - Bjelica",
            "frequencyMhz": 471.25,
            "organization": "Pink BH Company-Radio",
            "stationClass": "BT"
          },
          {
            "name": "Televizija RS - Bjelica",
            "frequencyMhz": 224.25,
            "organization": "RTRS - Televizija RS",
            "stationClass": "BT"
          }
        ]
      }
    },
    {
      "type": "Feature",
      "geometry": {
        "type": "Point",
        "coordinates": [
          17.764167,
          44.607222
        ]
      },
      "properties": {
        "siteId": "MUKADINOVAC-01",
        "name": "MUKADINOVAC-01",
        "transmitters": [
          {
            "name": "TV Pink - Mukadinovac",
            "frequencyMhz": 599.25,
            "organization": "Pink BH Company-Radio",
            "stationClass": "BT"
          }
        ]
      }
    },
    {
      "type": "Feature",
      "geometry": {
        "type": "Point",
        "coordinates": [
          19.217778,
          44.767222
        ]
      },
      "properties": {
        "siteId": "BIJELJINA-05",
        "name": "BIJELJINA-05",
        "transmitters": [
          {
            "name": "TV Pink - Bijeljina",
            "frequencyMhz": 535.25,
            "organization": "Otvoreni Radio",
            "stationClass": "BT"
          }
        ]
      }
    },
    {
      "type": "Feature",
      "geometry": {
        "type": "Point",
        "coordinates": [
          18.693889,
          44.524444
        ]
      },
      "properties": {
        "siteId": "TUZLA-01",
        "name": "TUZLA-01",
        "transmitters": [
          {
            "name": "TV Pink - Tuzla",
            "frequencyMhz": 551.25,
            "organization": "Pink BH Company-Radio",
            "stationClass": "BT"
          }
        ]
      }
    },
    {
      "type": "Feature",
      "geometry": {
        "type": "Point",
        "coordinates": [
          18.524944,
          44.412194
        ]
      },
      "properties": {
        "siteId": "VIDOVA GLAVA-01",
        "name": "VIDOVA GLAVA-01",
        "transmitters": [
          {
            "name": "TV Pink - Vidova glava",
            "frequencyMhz": 583.25,
            "organization": "Pink BH Company-Radio",
            "stationClass": "BT"
          },
          {
            "name": "TV FBiH - Vidova Glava",
            "frequencyMhz": 607.25,
            "organization": "TV FBiH",
            "stationClass": "BT"
          },
          {
            "name": "BHT 1 - Vidova Glava",
            "frequencyMhz": 203.25,
            "organization": "BHRT - BHT 1",
            "stationClass": "BT"
          }
        ]
      }
    },
    {
      "type": "Feature",
      "geometry": {
        "type": "Point",
        "coordinates": [
          18.648694,
          44.451139
        ]
      },
      "properties": {
        "siteId": "ZIVINICE-01",
        "name": "ZIVINICE-01",
        "transmitters": [
          {
            "name": "TV Pink - Zivinice",
            "frequencyMhz": 615.25,
            "organization": "Pink BH Company-Radio",
            "stationClass": "BT"
          }
        ]
      }
    },
    {
      "type": "Feature",
      "geometry": {
        "type": "Point",
        "coordinates": [
          18.645278,
          44.533889
        ]
      },
      "properties": {
        "siteId": "TUZLA GRAD-02",
        "name": "TUZLA GRAD-02",
        "transmitters": [
          {
            "name": "TV Pink - Tuzla grad",
            "frequencyMhz": 615.25,
            "organization": "Pink BH Company-Radio",
            "stationClass": "BT"
          }
        ]
      }
    },
    {
      "type": "Feature",
      "geometry": {
        "type": "Point",
        "coordinates": [
          18.351,
          43.804778
        ]
      },
      "properties": {
        "siteId": "GAVRICA BRDO-01",
        "name": "GAVRICA BRDO-01",
        "transmitters": [
          {
            "name": "TV Pink - Gavrica brdo",
            "frequencyMhz": 623.25,
            "organization": "Pink BH Company-Radio",
            "stationClass": "BT"
          },
          {
            "name": "Televizija RS - Gavrica brdo",
            "frequencyMhz": 759.25,
            "organization": "RB BEST - Radio Grude",
            "stationClass": "BT"
          }
        ]
      }
    },
    {
      "type": "Feature",
      "geometry": {
        "type": "Point",
        "coordinates": [
          17.772,
          43.357611
        ]
      },
      "properties": {
        "siteId": "MOSTAR-01",
        "name": "MOSTAR-01",
        "transmitters": [
          {
            "name": "TV Pink - Mostar",
            "frequencyMhz": 759.25,
            "organization": "Pink BH Company-Radio",
            "stationClass": "BT"
          }
        ]
      }
    },
    {
      "type": "Feature",
      "geometry": {
        "type": "Point",
        "coordinates": [
          18.085556,
          42.954167
        ]
      },
      "properties": {
        "siteId": "LJUBINJE-01",
        "name": "LJUBINJE-01",
        "transmitters": [
          {
            "name": "TV Pink - Ljubinje",
            "frequencyMhz": 535.25,
            "organization": "Pink BH Company-Radio",
            "stationClass": "BT"
          }
        ]
      }
    },
    {
      "type": "Feature",
      "geometry": {
        "type": "Point",
        "coordinates": [
          18.688056,
          44.539444
        ]
      },
      "properties": {
        "siteId": "VODOTORANJ-01",
        "name": "VODOTORANJ-01",
        "transmitters": [
          {
            "name": "TV Hayat - Vodotoranj",
            "frequencyMhz": 679.25,
            "organization": "Hayat",
            "stationClass": "BT"
          }
        ]
      }
    },
    {
      "type": "Feature",
      "geometry": {
        "type": "Point",
        "coordinates": [
          17.482,
          43.821944
        ]
      },
      "properties": {
        "siteId": "VARVARA-01",
        "name": "VARVARA-01",
        "transmitters": [
          {
            "name": "TV Hayat - Varvara",
            "frequencyMhz": 471.25,
            "organization": "Hayat",
            "stationClass": "BT"
          },
          {
            "name": "TV FBiH - Varvara",
            "frequencyMhz": 182.25,
            "organization": "TV FBiH",
            "stationClass": "BT"
          },
          {
            "name": "BHT 1 - Varvara",
            "frequencyMhz": 210.25,
            "organization": "BHRT - BHT 1",
            "stationClass": "BT"
          }
        ]
      }
    },
    {
      "type": "Feature",
      "geometry": {
        "type": "Point",
        "coordinates": [
          17.279444,
          44.238417
        ]
      },
      "properties": {
        "siteId": "TORLAKOVAC-01",
        "name": "TORLAKOVAC-01",
        "transmitters": [
          {
            "name": "TV Hayat - Torlakovac",
            "frequencyMhz": 471.25,
            "organization": "Hayat",
            "stationClass": "BT"
          },
          {
            "name": "TV FBiH - Torlakovac",
            "frequencyMhz": 615.25,
            "organization": "TV FBiH",
            "stationClass": "BT"
          },
          {
            "name": "BHT 1 - Torlakovac",
            "frequencyMhz": 203.25,
            "organization": "BHRT - BHT 1",
            "stationClass": "BT"
          }
        ]
      }
    },
    {
      "type": "Feature",
      "geometry": {
        "type": "Point",
        "coordinates": [
          17.614722,
          43.818056
        ]
      },
      "properties": {
        "siteId": "PROZOR SG-01",
        "name": "PROZOR SG-01",
        "transmitters": [
          {
            "name": "TV Hayat - Prozor Stari Grad",
            "frequencyMhz": 727.25,
            "organization": "Hayat",
            "stationClass": "BT"
          }
        ]
      }
    },
    {
      "type": "Feature",
      "geometry": {
        "type": "Point",
        "coordinates": [
          17.60825,
          43.385917
        ]
      },
      "properties": {
        "siteId": "SIROKI BRIJEG-01",
        "name": "SIROKI BRIJEG-01",
        "transmitters": [
          {
            "name": "TV Hayat - Siroki Brijeg",
            "frequencyMhz": 743.25,
            "organization": "Hayat",
            "stationClass": "BT"
          }
        ]
      }
    },
    {
      "type": "Feature",
      "geometry": {
        "type": "Point",
        "coordinates": [
          18.433889,
          42.869167
        ]
      },
      "properties": {
        "siteId": "BILECA-01",
        "name": "BILECA-01",
        "transmitters": [
          {
            "name": "TV Hayat - Bileca",
            "frequencyMhz": 751.25,
            "organization": "Hayat",
            "stationClass": "BT"
          }
        ]
      }
    },
    {
      "type": "Feature",
      "geometry": {
        "type": "Point",
        "coordinates": [
          17.007778,
          43.797778
        ]
      },
      "properties": {
        "siteId": "DRINOVA MEDJA-01",
        "name": "DRINOVA MEDJA-01",
        "transmitters": [
          {
            "name": "TV Hayat - Drinova medja",
            "frequencyMhz": 543.25,
            "organization": "Hayat",
            "stationClass": "BT"
          }
        ]
      }
    },
    {
      "type": "Feature",
      "geometry": {
        "type": "Point",
        "coordinates": [
          16.542278,
          44.503917
        ]
      },
      "properties": {
        "siteId": "DRINIC-01",
        "name": "DRINIC-01",
        "transmitters": [
          {
            "name": "Televizija RS - Drinic",
            "frequencyMhz": 575.25,
            "organization": "RTRS - Televizija RS",
            "stationClass": "BT"
          }
        ]
      }
    },
    {
      "type": "Feature",
      "geometry": {
        "type": "Point",
        "coordinates": [
          17.190278,
          44.683333
        ]
      },
      "properties": {
        "siteId": "GRABEZ MALA-01",
        "name": "GRABEZ MALA-01",
        "transmitters": [
          {
            "name": "Televizija RS - Grabez Mala",
            "frequencyMhz": 175.25,
            "organization": "RTRS - Televizija RS",
            "stationClass": "BT"
          }
        ]
      }
    },
    {
      "type": "Feature",
      "geometry": {
        "type": "Point",
        "coordinates": [
          17.161972,
          44.745028
        ]
      },
      "properties": {
        "siteId": "BANJA LUKA-01",
        "name": "BANJA LUKA-01",
        "transmitters": [
          {
            "name": "Televizija RS - Banja Luka",
            "frequencyMhz": 210.25,
            "organization": "RTRS - Televizija RS",
            "stationClass": "BT"
          },
          {
            "name": "Radio Velkaton - Banja Luka grad",
            "frequencyMhz": 107,
            "organization": "Radio Velkaton",
            "serviceType": "FM Broadcasting",
            "stationClass": "BC"
          },
          {
            "name": "RTV Big II program - grad",
            "frequencyMhz": 97.5,
            "organization": "RTV BIG",
            "serviceType": "FM Broadcasting",
            "stationClass": "BC"
          },
          {
            "name": "RTV Big III program - grad",
            "frequencyMhz": 96.5,
            "organization": "RTV BIG",
            "serviceType": "FM Broadcasting",
            "stationClass": "BC"
          }
        ]
      }
    },
    {
      "type": "Feature",
      "geometry": {
        "type": "Point",
        "coordinates": [
          16.585278,
          44.929444
        ]
      },
      "properties": {
        "siteId": "LJUBIJA-01",
        "name": "LJUBIJA-01",
        "transmitters": [
          {
            "name": "Televizija RS - Ljubija",
            "frequencyMhz": 210.25,
            "organization": "RTRS - Televizija RS",
            "stationClass": "BT"
          },
          {
            "name": "BHT 1 - Ljubija",
            "frequencyMhz": 559.25,
            "organization": "BHRT - BHT 1",
            "stationClass": "BT"
          }
        ]
      }
    },
    {
      "type": "Feature",
      "geometry": {
        "type": "Point",
        "coordinates": [
          16.450556,
          44.884167
        ]
      },
      "properties": {
        "siteId": "CRNI VRH-01",
        "name": "CRNI VRH-01",
        "transmitters": [
          {
            "name": "Televizija RS - Crni Vrh",
            "frequencyMhz": 224.25,
            "organization": "RTRS - Televizija RS",
            "stationClass": "BT"
          }
        ]
      }
    },
    {
      "type": "Feature",
      "geometry": {
        "type": "Point",
        "coordinates": [
          16.51225,
          45.148583
        ]
      },
      "properties": {
        "siteId": "DOBRLJIN-01",
        "name": "DOBRLJIN-01",
        "transmitters": [
          {
            "name": "Televizija RS - Dobrljin",
            "frequencyMhz": 615.25,
            "organization": "RTRS - Televizija RS",
            "stationClass": "BT"
          },
          {
            "name": "BHT 1 - Dobrljin",
            "frequencyMhz": 655.25,
            "organization": "BHRT - BHT 1",
            "stationClass": "BT"
          }
        ]
      }
    },
    {
      "type": "Feature",
      "geometry": {
        "type": "Point",
        "coordinates": [
          16.376389,
          45.038056
        ]
      },
      "properties": {
        "siteId": "JABLANICA-01",
        "name": "JABLANICA-01",
        "transmitters": [
          {
            "name": "Televizija RS - Jablanica",
            "frequencyMhz": 663.25,
            "organization": "RTRS - Televizija RS",
            "stationClass": "BT"
          },
          {
            "name": "Alternativna Televizija - Novi Grad-Jablanica",
            "frequencyMhz": 735.25,
            "organization": "Alternativna Televizija",
            "stationClass": "BT"
          }
        ]
      }
    },
    {
      "type": "Feature",
      "geometry": {
        "type": "Point",
        "coordinates": [
          17.561278,
          44.705694
        ]
      },
      "properties": {
        "siteId": "SNJEGOTINA-01",
        "name": "SNJEGOTINA-01",
        "transmitters": [
          {
            "name": "Televizija RS - Snjegotina",
            "frequencyMhz": 175.25,
            "organization": "RTRS - Televizija RS",
            "stationClass": "BT"
          }
        ]
      }
    },
    {
      "type": "Feature",
      "geometry": {
        "type": "Point",
        "coordinates": [
          17.812222,
          44.493056
        ]
      },
      "properties": {
        "siteId": "BLATNICA-01",
        "name": "BLATNICA-01",
        "transmitters": [
          {
            "name": "Televizija RS - Blatnica",
            "frequencyMhz": 189.25,
            "organization": "RTRS - Televizija RS",
            "stationClass": "BT"
          }
        ]
      }
    },
    {
      "type": "Feature",
      "geometry": {
        "type": "Point",
        "coordinates": [
          17.038333,
          44.298972
        ]
      },
      "properties": {
        "siteId": "BOROVICA-01",
        "name": "BOROVICA-01",
        "transmitters": [
          {
            "name": "Televizija RS - Borovica",
            "frequencyMhz": 196.25,
            "organization": "RTRS - Televizija RS",
            "stationClass": "BT"
          },
          {
            "name": "BHT 1 - Borovica",
            "frequencyMhz": 695.25,
            "organization": "BHRT - BHT 1",
            "stationClass": "BT"
          }
        ]
      }
    },
    {
      "type": "Feature",
      "geometry": {
        "type": "Point",
        "coordinates": [
          17.300278,
          44.735556
        ]
      },
      "properties": {
        "siteId": "BARAKOVAC-01",
        "name": "BARAKOVAC-01",
        "transmitters": [
          {
            "name": "Televizija RS - Barakovac",
            "frequencyMhz": 203.25,
            "organization": "RTRS - Televizija RS",
            "stationClass": "BT"
          }
        ]
      }
    },
    {
      "type": "Feature",
      "geometry": {
        "type": "Point",
        "coordinates": [
          17.564389,
          44.461222
        ]
      },
      "properties": {
        "siteId": "SIPRAGE-01",
        "name": "SIPRAGE-01",
        "transmitters": [
          {
            "name": "Televizija RS - Siprage",
            "frequencyMhz": 203.25,
            "organization": "RTRS - Televizija RS",
            "stationClass": "BT"
          }
        ]
      }
    },
    {
      "type": "Feature",
      "geometry": {
        "type": "Point",
        "coordinates": [
          17.479389,
          44.501806
        ]
      },
      "properties": {
        "siteId": "GRABOVICA-01",
        "name": "GRABOVICA-01",
        "transmitters": [
          {
            "name": "Televizija RS - Grabovica",
            "frequencyMhz": 495.25,
            "organization": "RTRS - Televizija RS",
            "stationClass": "BT"
          }
        ]
      }
    },
    {
      "type": "Feature",
      "geometry": {
        "type": "Point",
        "coordinates": [
          18.8425,
          44.320833
        ]
      },
      "properties": {
        "siteId": "KURILO-01",
        "name": "KURILO-01",
        "transmitters": [
          {
            "name": "Televizija RS - Kurilo",
            "frequencyMhz": 189.25,
            "organization": "RTRS - Televizija RS",
            "stationClass": "BT"
          },
          {
            "name": "BHT 1 - Kurilo",
            "frequencyMhz": 519.25,
            "organization": "BHRT - BHT 1",
            "stationClass": "BT"
          }
        ]
      }
    },
    {
      "type": "Feature",
      "geometry": {
        "type": "Point",
        "coordinates": [
          19.081278,
          44.257694
        ]
      },
      "properties": {
        "siteId": "MACESI-01",
        "name": "MACESI-01",
        "transmitters": [
          {
            "name": "Televizija RS - Macesi",
            "frequencyMhz": 687.25,
            "organization": "RTRS - Televizija RS",
            "stationClass": "BT"
          }
        ]
      }
    },
    {
      "type": "Feature",
      "geometry": {
        "type": "Point",
        "coordinates": [
          19.196,
          44.206722
        ]
      },
      "properties": {
        "siteId": "SILJKOVICI-01",
        "name": "SILJKOVICI-01",
        "transmitters": [
          {
            "name": "Televizija RS - Siljkovici",
            "frequencyMhz": 767.25,
            "organization": "RTRS - Televizija RS",
            "stationClass": "BT"
          }
        ]
      }
    },
    {
      "type": "Feature",
      "geometry": {
        "type": "Point",
        "coordinates": [
          18.43525,
          43.658667
        ]
      },
      "properties": {
        "siteId": "KRST-01",
        "name": "KRST-01",
        "transmitters": [
          {
            "name": "Televizija RS - Krst",
            "frequencyMhz": 203.25,
            "organization": "RTRS - Televizija RS",
            "stationClass": "BT"
          }
        ]
      }
    },
    {
      "type": "Feature",
      "geometry": {
        "type": "Point",
        "coordinates": [
          18.576639,
          43.732222
        ]
      },
      "properties": {
        "siteId": "JAHORINA-01",
        "name": "JAHORINA-01",
        "transmitters": [
          {
            "name": "Televizija RS - Jahorina",
            "frequencyMhz": 511.25,
            "organization": "RTRS - Televizija RS",
            "stationClass": "BT"
          }
        ]
      }
    },
    {
      "type": "Feature",
      "geometry": {
        "type": "Point",
        "coordinates": [
          19.090556,
          43.683889
        ]
      },
      "properties": {
        "siteId": "USTIPRACA-01",
        "name": "USTIPRACA-01",
        "transmitters": [
          {
            "name": "Televizija RS - Ustipraca",
            "frequencyMhz": 175.25,
            "organization": "RTRS - Televizija RS",
            "stationClass": "BT"
          },
          {
            "name": "BHT 1 - Ustipraca",
            "frequencyMhz": 551.25,
            "organization": "BHRT - BHT 1",
            "stationClass": "BT"
          }
        ]
      }
    },
    {
      "type": "Feature",
      "geometry": {
        "type": "Point",
        "coordinates": [
          19.294361,
          44.103222
        ]
      },
      "properties": {
        "siteId": "BOJNA-01",
        "name": "BOJNA-01",
        "transmitters": [
          {
            "name": "Televizija RS - Bojna",
            "frequencyMhz": 189.25,
            "organization": "RTRS - Televizija RS",
            "stationClass": "BT"
          },
          {
            "name": "BHT 1 - Bojna",
            "frequencyMhz": 503.25,
            "organization": "BHRT - BHT 1",
            "stationClass": "BT"
          },
          {
            "name": "BHT 1 - Kik",
            "frequencyMhz": 511.25,
            "organization": "BHRT - BHT 1",
            "stationClass": "BT"
          }
        ]
      }
    },
    {
      "type": "Feature",
      "geometry": {
        "type": "Point",
        "coordinates": [
          19.082361,
          43.578833
        ]
      },
      "properties": {
        "siteId": "CIVCI BRDO-01",
        "name": "CIVCI BRDO-01",
        "transmitters": [
          {
            "name": "Televizija RS - Civci brdo",
            "frequencyMhz": 196.25,
            "organization": "RTRS - Televizija RS",
            "stationClass": "BT"
          },
          {
            "name": "BHT 1 - Civci Brdo",
            "frequencyMhz": 519.25,
            "organization": "BHRT - BHT 1",
            "stationClass": "BT"
          }
        ]
      }
    },
    {
      "type": "Feature",
      "geometry": {
        "type": "Point",
        "coordinates": [
          18.770833,
          43.375278
        ]
      },
      "properties": {
        "siteId": "DJURDJEVICA-01",
        "name": "DJURDJEVICA-01",
        "transmitters": [
          {
            "name": "Televizija RS - Djurdjevica",
            "frequencyMhz": 196.25,
            "organization": "RTRS - Televizija RS",
            "stationClass": "BT"
          }
        ]
      }
    },
    {
      "type": "Feature",
      "geometry": {
        "type": "Point",
        "coordinates": [
          18.7,
          43.35
        ]
      },
      "properties": {
        "siteId": "BOROVNO-01",
        "name": "BOROVNO-01",
        "transmitters": [
          {
            "name": "Televizija RS - Borovno",
            "frequencyMhz": 210.25,
            "organization": "RTRS - Televizija RS",
            "stationClass": "BT"
          }
        ]
      }
    },
    {
      "type": "Feature",
      "geometry": {
        "type": "Point",
        "coordinates": [
          18.453889,
          43.500556
        ]
      },
      "properties": {
        "siteId": "KALINOVIK-01",
        "name": "KALINOVIK-01",
        "transmitters": [
          {
            "name": "Televizija RS - Kalinovik",
            "frequencyMhz": 210.25,
            "organization": "RTRS - Televizija RS",
            "stationClass": "BT"
          }
        ]
      }
    },
    {
      "type": "Feature",
      "geometry": {
        "type": "Point",
        "coordinates": [
          19.489417,
          43.643694
        ]
      },
      "properties": {
        "siteId": "STRPCI-01",
        "name": "STRPCI-01",
        "transmitters": [
          {
            "name": "Televizija RS - Strpci",
            "frequencyMhz": 471.25,
            "organization": "RTRS - Televizija RS",
            "stationClass": "BT"
          }
        ]
      }
    },
    {
      "type": "Feature",
      "geometry": {
        "type": "Point",
        "coordinates": [
          18.6155,
          43.5005
        ]
      },
      "properties": {
        "siteId": "BAKICI-01",
        "name": "BAKICI-01",
        "transmitters": [
          {
            "name": "Televizija RS - Bakici",
            "frequencyMhz": 503.25,
            "organization": "RTRS - Televizija RS",
            "stationClass": "BT"
          }
        ]
      }
    },
    {
      "type": "Feature",
      "geometry": {
        "type": "Point",
        "coordinates": [
          19.426222,
          43.743389
        ]
      },
      "properties": {
        "siteId": "MACUTE-01",
        "name": "MACUTE-01",
        "transmitters": [
          {
            "name": "Televizija RS - Macute",
            "frequencyMhz": 527.25,
            "organization": "RTRS - Televizija RS",
            "stationClass": "BT"
          },
          {
            "name": "BHT 1 - Macute",
            "frequencyMhz": 783.25,
            "organization": "BHRT - BHT 1",
            "stationClass": "BT"
          }
        ]
      }
    },
    {
      "type": "Feature",
      "geometry": {
        "type": "Point",
        "coordinates": [
          19.25,
          43.8
        ]
      },
      "properties": {
        "siteId": "GORNJA LIJESKA-01",
        "name": "GORNJA LIJESKA-01",
        "transmitters": [
          {
            "name": "Televizija RS - Gornja Lijeska",
            "frequencyMhz": 551.25,
            "organization": "RTRS - Televizija RS",
            "stationClass": "BT"
          }
        ]
      }
    },
    {
      "type": "Feature",
      "geometry": {
        "type": "Point",
        "coordinates": [
          18.982056,
          43.394667
        ]
      },
      "properties": {
        "siteId": "CELEBICI-01",
        "name": "CELEBICI-01",
        "transmitters": [
          {
            "name": "Televizija RS - Celebici",
            "frequencyMhz": 615.25,
            "organization": "RTRS - Televizija RS",
            "stationClass": "BT"
          }
        ]
      }
    },
    {
      "type": "Feature",
      "geometry": {
        "type": "Point",
        "coordinates": [
          19.102,
          44.21375
        ]
      },
      "properties": {
        "siteId": "NOVA KASABA-01",
        "name": "NOVA KASABA-01",
        "transmitters": [
          {
            "name": "Televizija RS - Nova Kasaba",
            "frequencyMhz": 663.25,
            "organization": "RTRS - Televizija RS",
            "stationClass": "BT"
          },
          {
            "name": "BHT 1 - Nova Kasaba",
            "frequencyMhz": 623.25,
            "organization": "BHRT - BHT 1",
            "stationClass": "BT"
          }
        ]
      }
    },
    {
      "type": "Feature",
      "geometry": {
        "type": "Point",
        "coordinates": [
          18.078028,
          42.949444
        ]
      },
      "properties": {
        "siteId": "RADOVINJA-01",
        "name": "RADOVINJA-01",
        "transmitters": [
          {
            "name": "Televizija RS - Radovinja",
            "frequencyMhz": 203.25,
            "organization": "RTRS - Televizija RS",
            "stationClass": "BT"
          },
          {
            "name": "BHT 1 - Radovinja",
            "frequencyMhz": 751.25,
            "organization": "BHRT - BHT 1",
            "stationClass": "BT"
          }
        ]
      }
    },
    {
      "type": "Feature",
      "geometry": {
        "type": "Point",
        "coordinates": [
          18.032972,
          43.377444
        ]
      },
      "properties": {
        "siteId": "BILJESKI VRH-01",
        "name": "BILJESKI VRH-01",
        "transmitters": [
          {
            "name": "Televizija RS - Biljeski vrh",
            "frequencyMhz": 210.25,
            "organization": "RTRS - Televizija RS",
            "stationClass": "BT"
          }
        ]
      }
    },
    {
      "type": "Feature",
      "geometry": {
        "type": "Point",
        "coordinates": [
          18.204667,
          43.288583
        ]
      },
      "properties": {
        "siteId": "KIFINO SELO-01",
        "name": "KIFINO SELO-01",
        "transmitters": [
          {
            "name": "Televizija RS - Kifino Selo",
            "frequencyMhz": 217.25,
            "organization": "RTRS - Televizija RS",
            "stationClass": "BT"
          },
          {
            "name": "BHT 1 - Kifino Selo",
            "frequencyMhz": 783.25,
            "organization": "BHRT - BHT 1",
            "stationClass": "BT"
          }
        ]
      }
    },
    {
      "type": "Feature",
      "geometry": {
        "type": "Point",
        "coordinates": [
          18.061389,
          42.824028
        ]
      },
      "properties": {
        "siteId": "SEDLARI-01",
        "name": "SEDLARI-01",
        "transmitters": [
          {
            "name": "Televizija RS - Sedlari",
            "frequencyMhz": 175.25,
            "organization": "RTRS - Televizija RS",
            "stationClass": "BT"
          }
        ]
      }
    },
    {
      "type": "Feature",
      "geometry": {
        "type": "Point",
        "coordinates": [
          18.483056,
          42.706111
        ]
      },
      "properties": {
        "siteId": "LASTVA-01",
        "name": "LASTVA-01",
        "transmitters": [
          {
            "name": "Televizija RS - Lastva",
            "frequencyMhz": 196.25,
            "organization": "RTRS - Televizija RS",
            "stationClass": "BT"
          },
          {
            "name": "BHT 1 - Lastva",
            "frequencyMhz": 623.25,
            "organization": "BHRT - BHT 1",
            "stationClass": "BT"
          }
        ]
      }
    },
    {
      "type": "Feature",
      "geometry": {
        "type": "Point",
        "coordinates": [
          18.496944,
          42.706944
        ]
      },
      "properties": {
        "siteId": "GRANCAREVO-01",
        "name": "GRANCAREVO-01",
        "transmitters": [
          {
            "name": "Televizija RS - Grancarevo",
            "frequencyMhz": 479.25,
            "organization": "RTRS - Televizija RS",
            "stationClass": "BT"
          }
        ]
      }
    },
    {
      "type": "Feature",
      "geometry": {
        "type": "Point",
        "coordinates": [
          18.594944,
          43.069889
        ]
      },
      "properties": {
        "siteId": "GAT-01",
        "name": "GAT-01",
        "transmitters": [
          {
            "name": "Televizija RS - Gat",
            "frequencyMhz": 751.25,
            "organization": "RTRS - Televizija RS",
            "stationClass": "BT"
          }
        ]
      }
    },
    {
      "type": "Feature",
      "geometry": {
        "type": "Point",
        "coordinates": [
          16.975833,
          44.589667
        ]
      },
      "properties": {
        "siteId": "STRICICI-01",
        "name": "STRICICI-01",
        "transmitters": [
          {
            "name": "Televizija RS - Stricici",
            "frequencyMhz": 591.25,
            "organization": "RTRS - Televizija RS",
            "stationClass": "BT"
          }
        ]
      }
    },
    {
      "type": "Feature",
      "geometry": {
        "type": "Point",
        "coordinates": [
          17.092444,
          44.427639
        ]
      },
      "properties": {
        "siteId": "GRABEZ-01",
        "name": "GRABEZ-01",
        "transmitters": [
          {
            "name": "Televizija RS - Grabez",
            "frequencyMhz": 495.25,
            "organization": "RTRS - Televizija RS",
            "stationClass": "BT"
          }
        ]
      }
    },
    {
      "type": "Feature",
      "geometry": {
        "type": "Point",
        "coordinates": [
          17.120556,
          44.287667
        ]
      },
      "properties": {
        "siteId": "VOLARI-01",
        "name": "VOLARI-01",
        "transmitters": [
          {
            "name": "Televizija RS - Volari",
            "frequencyMhz": 511.25,
            "organization": "RTRS - Televizija RS",
            "stationClass": "BT"
          },
          {
            "name": "BHT 1 - Volari",
            "frequencyMhz": 471.25,
            "organization": "BHRT - BHT 1",
            "stationClass": "BT"
          }
        ]
      }
    },
    {
      "type": "Feature",
      "geometry": {
        "type": "Point",
        "coordinates": [
          18.120278,
          44.631028
        ]
      },
      "properties": {
        "siteId": "PAKLENICA-01",
        "name": "PAKLENICA-01",
        "transmitters": [
          {
            "name": "Televizija RS - Paklenica",
            "frequencyMhz": 719.25,
            "organization": "RTRS - Televizija RS",
            "stationClass": "BT"
          },
          {
            "name": "TV FBiH - Paklenica",
            "frequencyMhz": 735.25,
            "organization": "TV FBiH",
            "stationClass": "BT"
          },
          {
            "name": "BHT 1 - Paklenica",
            "frequencyMhz": 189.25,
            "organization": "BHRT - BHT 1",
            "stationClass": "BT"
          }
        ]
      }
    },
    {
      "type": "Feature",
      "geometry": {
        "type": "Point",
        "coordinates": [
          18.411167,
          43.8135
        ]
      },
      "properties": {
        "siteId": "TOMINO BRDO-01",
        "name": "TOMINO BRDO-01",
        "transmitters": [
          {
            "name": "Televizija RS - Tomino brdo",
            "frequencyMhz": 511.25,
            "organization": "RTRS - Televizija RS",
            "stationClass": "BT"
          }
        ]
      }
    },
    {
      "type": "Feature",
      "geometry": {
        "type": "Point",
        "coordinates": [
          18.662556,
          43.951111
        ]
      },
      "properties": {
        "siteId": "SAHBETSKI GRAD-01",
        "name": "SAHBETSKI GRAD-01",
        "transmitters": [
          {
            "name": "Televizija RS - Sahbetski Grad",
            "frequencyMhz": 591.25,
            "organization": "RTRS - Televizija RS",
            "stationClass": "BT"
          }
        ]
      }
    },
    {
      "type": "Feature",
      "geometry": {
        "type": "Point",
        "coordinates": [
          18.821028,
          43.573139
        ]
      },
      "properties": {
        "siteId": "KRCINO BRDO-01",
        "name": "KRCINO BRDO-01",
        "transmitters": [
          {
            "name": "Televizija RS - Krcino brdo",
            "frequencyMhz": 743.25,
            "organization": "RTRS - Televizija RS",
            "stationClass": "BT"
          }
        ]
      }
    },
    {
      "type": "Feature",
      "geometry": {
        "type": "Point",
        "coordinates": [
          19.080111,
          43.56
        ]
      },
      "properties": {
        "siteId": "CAJNICE-01",
        "name": "CAJNICE-01",
        "transmitters": [
          {
            "name": "Televizija RS - Cajnice",
            "frequencyMhz": 751.25,
            "organization": "RTRS - Televizija RS",
            "stationClass": "BT"
          }
        ]
      }
    },
    {
      "type": "Feature",
      "geometry": {
        "type": "Point",
        "coordinates": [
          15.950583,
          45.168889
        ]
      },
      "properties": {
        "siteId": "VRNOGRAC-01",
        "name": "VRNOGRAC-01",
        "transmitters": [
          {
            "name": "TV FBiH - Vrnograc",
            "frequencyMhz": 719.25,
            "organization": "TV FBiH",
            "stationClass": "BT"
          },
          {
            "name": "BHT 1 - Vrnograc",
            "frequencyMhz": 543.25,
            "organization": "BHRT - BHT 1",
            "stationClass": "BT"
          },
          {
            "name": "R0 Radioklub Una Cazin",
            "frequencyMhz": 145.6,
            "organization": "Udruženje Radio klub \"Una\" Cazin",
            "stationClass": "AT"
          }
        ]
      }
    },
    {
      "type": "Feature",
      "geometry": {
        "type": "Point",
        "coordinates": [
          16.685472,
          44.605861
        ]
      },
      "properties": {
        "siteId": "SANICA-01",
        "name": "SANICA-01",
        "transmitters": [
          {
            "name": "TV FBiH - Sanica",
            "frequencyMhz": 607.25,
            "organization": "TV FBiH",
            "stationClass": "BT"
          },
          {
            "name": "BHT 1 - Sanica",
            "frequencyMhz": 503.25,
            "organization": "BHRT - BHT 1",
            "stationClass": "BT"
          }
        ]
      }
    },
    {
      "type": "Feature",
      "geometry": {
        "type": "Point",
        "coordinates": [
          16.826611,
          44.505111
        ]
      },
      "properties": {
        "siteId": "VELECEVO-01",
        "name": "VELECEVO-01",
        "transmitters": [
          {
            "name": "TV FBiH - Velecevo",
            "frequencyMhz": 647.25,
            "organization": "TV FBiH",
            "stationClass": "BT"
          },
          {
            "name": "BHT 1 - Velecevo",
            "frequencyMhz": 495.25,
            "organization": "BHRT - BHT 1",
            "stationClass": "BT"
          }
        ]
      }
    },
    {
      "type": "Feature",
      "geometry": {
        "type": "Point",
        "coordinates": [
          17.566167,
          43.969167
        ]
      },
      "properties": {
        "siteId": "RAJCI-01",
        "name": "RAJCI-01",
        "transmitters": [
          {
            "name": "TV FBiH - Rajci",
            "frequencyMhz": 567.25,
            "organization": "TV FBiH",
            "stationClass": "BT"
          },
          {
            "name": "BHT 1 - Rajci",
            "frequencyMhz": 175.25,
            "organization": "BHRT - BHT 1",
            "stationClass": "BT"
          }
        ]
      }
    },
    {
      "type": "Feature",
      "geometry": {
        "type": "Point",
        "coordinates": [
          18.250611,
          44.424833
        ]
      },
      "properties": {
        "siteId": "BUN-01",
        "name": "BUN-01",
        "transmitters": [
          {
            "name": "TV FBiH - Bun",
            "frequencyMhz": 607.25,
            "organization": "TV FBiH",
            "stationClass": "BT"
          }
        ]
      }
    },
    {
      "type": "Feature",
      "geometry": {
        "type": "Point",
        "coordinates": [
          18.186861,
          44.747611
        ]
      },
      "properties": {
        "siteId": "KLOKOTNICA-01",
        "name": "KLOKOTNICA-01",
        "transmitters": [
          {
            "name": "TV FBiH - Klokotnica",
            "frequencyMhz": 607.25,
            "organization": "TV FBiH",
            "stationClass": "BT"
          },
          {
            "name": "BHT 1 - Klokotnica",
            "frequencyMhz": 687.25,
            "organization": "BHRT - BHT 1",
            "stationClass": "BT"
          }
        ]
      }
    },
    {
      "type": "Feature",
      "geometry": {
        "type": "Point",
        "coordinates": [
          17.561222,
          43.923528
        ]
      },
      "properties": {
        "siteId": "STRAZICA-01",
        "name": "STRAZICA-01",
        "transmitters": [
          {
            "name": "TV FBiH - Strazica",
            "frequencyMhz": 639.25,
            "organization": "TV FBiH",
            "stationClass": "BT"
          },
          {
            "name": "BHT 1 - Strazica",
            "frequencyMhz": 671.25,
            "organization": "BHRT - BHT 1",
            "stationClass": "BT"
          }
        ]
      }
    },
    {
      "type": "Feature",
      "geometry": {
        "type": "Point",
        "coordinates": [
          18.593889,
          44.608056
        ]
      },
      "properties": {
        "siteId": "OSOJE-01",
        "name": "OSOJE-01",
        "transmitters": [
          {
            "name": "TV FBiH - Osoje",
            "frequencyMhz": 503.25,
            "organization": "TV FBiH",
            "stationClass": "BT"
          }
        ]
      }
    },
    {
      "type": "Feature",
      "geometry": {
        "type": "Point",
        "coordinates": [
          18.695278,
          44.588056
        ]
      },
      "properties": {
        "siteId": "DOKANJ-01",
        "name": "DOKANJ-01",
        "transmitters": [
          {
            "name": "TV FBiH - Dokanj",
            "frequencyMhz": 599.25,
            "organization": "TV FBiH",
            "stationClass": "BT"
          }
        ]
      }
    },
    {
      "type": "Feature",
      "geometry": {
        "type": "Point",
        "coordinates": [
          18.685944,
          44.305806
        ]
      },
      "properties": {
        "siteId": "KOS-01",
        "name": "KOS-01",
        "transmitters": [
          {
            "name": "TV FBiH - Kos",
            "frequencyMhz": 631.25,
            "organization": "TV FBiH",
            "stationClass": "BT"
          },
          {
            "name": "BHT 1 - Kos",
            "frequencyMhz": 719.25,
            "organization": "BHRT - BHT 1",
            "stationClass": "BT"
          }
        ]
      }
    },
    {
      "type": "Feature",
      "geometry": {
        "type": "Point",
        "coordinates": [
          18.396222,
          44.364778
        ]
      },
      "properties": {
        "siteId": "VOZUCA-01",
        "name": "VOZUCA-01",
        "transmitters": [
          {
            "name": "TV FBiH - Vozuca",
            "frequencyMhz": 639.25,
            "organization": "TV FBiH",
            "stationClass": "BT"
          },
          {
            "name": "BHT 1 - Vozuca",
            "frequencyMhz": 479.25,
            "organization": "BHRT - BHT 1",
            "stationClass": "BT"
          }
        ]
      }
    },
    {
      "type": "Feature",
      "geometry": {
        "type": "Point",
        "coordinates": [
          18.384722,
          44.417222
        ]
      },
      "properties": {
        "siteId": "PODGORJE-01",
        "name": "PODGORJE-01",
        "transmitters": [
          {
            "name": "TV FBiH - Podgorje",
            "frequencyMhz": 639.25,
            "organization": "TV FBiH",
            "stationClass": "BT"
          }
        ]
      }
    },
    {
      "type": "Feature",
      "geometry": {
        "type": "Point",
        "coordinates": [
          19.001611,
          44.521611
        ]
      },
      "properties": {
        "siteId": "OSCENAK-01",
        "name": "OSCENAK-01",
        "transmitters": [
          {
            "name": "TV FBiH - Oscenak",
            "frequencyMhz": 703.25,
            "organization": "TV FBiH",
            "stationClass": "BT"
          },
          {
            "name": "BHT 1 - Oscenak",
            "frequencyMhz": 503.25,
            "organization": "BHRT - BHT 1",
            "stationClass": "BT"
          }
        ]
      }
    },
    {
      "type": "Feature",
      "geometry": {
        "type": "Point",
        "coordinates": [
          18.980722,
          44.605861
        ]
      },
      "properties": {
        "siteId": "KRSTAC-01",
        "name": "KRSTAC-01",
        "transmitters": [
          {
            "name": "TV FBiH - Krstac",
            "frequencyMhz": 735.25,
            "organization": "TV FBiH",
            "stationClass": "BT"
          },
          {
            "name": "TV FBiH - Krstac",
            "frequencyMhz": 719.25,
            "organization": "TV FBiH",
            "stationClass": "BT"
          }
        ]
      }
    },
    {
      "type": "Feature",
      "geometry": {
        "type": "Point",
        "coordinates": [
          18.766389,
          44.55325
        ]
      },
      "properties": {
        "siteId": "GORNJA TUZLA-01",
        "name": "GORNJA TUZLA-01",
        "transmitters": [
          {
            "name": "TV FBiH - Gornja Tuzla",
            "frequencyMhz": 479.25,
            "organization": "TV FBiH",
            "stationClass": "BT"
          }
        ]
      }
    },
    {
      "type": "Feature",
      "geometry": {
        "type": "Point",
        "coordinates": [
          18.182083,
          43.959083
        ]
      },
      "properties": {
        "siteId": "BUCI-01",
        "name": "BUCI-01",
        "transmitters": [
          {
            "name": "TV FBiH - Buci",
            "frequencyMhz": 559.25,
            "organization": "TV FBiH",
            "stationClass": "BT"
          },
          {
            "name": "BHT 1 - Buci",
            "frequencyMhz": 727.25,
            "organization": "BHRT - BHT 1",
            "stationClass": "BT"
          }
        ]
      }
    },
    {
      "type": "Feature",
      "geometry": {
        "type": "Point",
        "coordinates": [
          18.123528,
          44.090056
        ]
      },
      "properties": {
        "siteId": "TURBICI-01",
        "name": "TURBICI-01",
        "transmitters": [
          {
            "name": "TV FBiH - Turbici",
            "frequencyMhz": 703.25,
            "organization": "TV FBiH",
            "stationClass": "BT"
          },
          {
            "name": "BHT 1 - Turbici",
            "frequencyMhz": 189.25,
            "organization": "BHRT - BHT 1",
            "stationClass": "BT"
          }
        ]
      }
    },
    {
      "type": "Feature",
      "geometry": {
        "type": "Point",
        "coordinates": [
          18.133889,
          44.167222
        ]
      },
      "properties": {
        "siteId": "TRSCE-01",
        "name": "TRSCE-01",
        "transmitters": [
          {
            "name": "TV FBiH - Trsce",
            "frequencyMhz": 711.25,
            "organization": "TV FBiH",
            "stationClass": "BT"
          }
        ]
      }
    },
    {
      "type": "Feature",
      "geometry": {
        "type": "Point",
        "coordinates": [
          18.201528,
          44.112028
        ]
      },
      "properties": {
        "siteId": "KRALJEVA SUTJESKA-01",
        "name": "KRALJEVA SUTJESKA-01",
        "transmitters": [
          {
            "name": "TV FBiH - Kraljeva Sutjeska",
            "frequencyMhz": 743.25,
            "organization": "TV FBiH",
            "stationClass": "BT"
          },
          {
            "name": "BHT 1 - Kraljeva Sutjeska",
            "frequencyMhz": 487.25,
            "organization": "BHRT - BHT 1",
            "stationClass": "BT"
          }
        ]
      }
    },
    {
      "type": "Feature",
      "geometry": {
        "type": "Point",
        "coordinates": [
          17.63775,
          43.882528
        ]
      },
      "properties": {
        "siteId": "ZAVISCE-01",
        "name": "ZAVISCE-01",
        "transmitters": [
          {
            "name": "TV FBiH - Zavisce",
            "frequencyMhz": 527.25,
            "organization": "TV FBiH",
            "stationClass": "BT"
          },
          {
            "name": "BHT 1 - Zavisce",
            "frequencyMhz": 775.25,
            "organization": "BHRT - BHT 1",
            "stationClass": "BT"
          }
        ]
      }
    },
    {
      "type": "Feature",
      "geometry": {
        "type": "Point",
        "coordinates": [
          17.776083,
          43.789139
        ]
      },
      "properties": {
        "siteId": "NERETVICA-01",
        "name": "NERETVICA-01",
        "transmitters": [
          {
            "name": "TV FBiH - Neretvica",
            "frequencyMhz": 703.25,
            "organization": "TV FBiH",
            "stationClass": "BT"
          }
        ]
      }
    },
    {
      "type": "Feature",
      "geometry": {
        "type": "Point",
        "coordinates": [
          18.711944,
          43.619139
        ]
      },
      "properties": {
        "siteId": "JABUKA-01",
        "name": "JABUKA-01",
        "transmitters": [
          {
            "name": "TV FBiH - Jabuka",
            "frequencyMhz": 719.25,
            "organization": "TV FBiH",
            "stationClass": "BT"
          }
        ]
      }
    },
    {
      "type": "Feature",
      "geometry": {
        "type": "Point",
        "coordinates": [
          17.958889,
          43.865
        ]
      },
      "properties": {
        "siteId": "DUSINA-01",
        "name": "DUSINA-01",
        "transmitters": [
          {
            "name": "TV FBiH - Dusina",
            "frequencyMhz": 519.25,
            "organization": "TV FBiH",
            "stationClass": "BT"
          }
        ]
      }
    },
    {
      "type": "Feature",
      "geometry": {
        "type": "Point",
        "coordinates": [
          17.725944,
          43.394889
        ]
      },
      "properties": {
        "siteId": "JASTREBINKA-01",
        "name": "JASTREBINKA-01",
        "transmitters": [
          {
            "name": "TV FBiH - Jastrebinka",
            "frequencyMhz": 615.25,
            "organization": "TV FBiH",
            "stationClass": "BT"
          }
        ]
      }
    },
    {
      "type": "Feature",
      "geometry": {
        "type": "Point",
        "coordinates": [
          17.963056,
          42.886389
        ]
      },
      "properties": {
        "siteId": "RAVNO-01",
        "name": "RAVNO-01",
        "transmitters": [
          {
            "name": "TV FBiH - Ravno",
            "frequencyMhz": 487.25,
            "organization": "TV FBiH",
            "stationClass": "BT"
          }
        ]
      }
    },
    {
      "type": "Feature",
      "geometry": {
        "type": "Point",
        "coordinates": [
          17.971222,
          44.365833
        ]
      },
      "properties": {
        "siteId": "CVITOVA NJIVA-01",
        "name": "CVITOVA NJIVA-01",
        "transmitters": [
          {
            "name": "TV FBiH - Cvitova njiva",
            "frequencyMhz": 599.25,
            "organization": "TV FBiH",
            "stationClass": "BT"
          },
          {
            "name": "BHT 1 - Cvitova njiva",
            "frequencyMhz": 487.25,
            "organization": "BHRT - BHT 1",
            "stationClass": "BT"
          }
        ]
      }
    },
    {
      "type": "Feature",
      "geometry": {
        "type": "Point",
        "coordinates": [
          17.524444,
          44.190222
        ]
      },
      "properties": {
        "siteId": "GOLES-01",
        "name": "GOLES-01",
        "transmitters": [
          {
            "name": "TV FBiH - Goles",
            "frequencyMhz": 607.25,
            "organization": "TV FBiH",
            "stationClass": "BT"
          },
          {
            "name": "BHT 1 - Goles",
            "frequencyMhz": 182.25,
            "organization": "BHRT - BHT 1",
            "stationClass": "BT"
          }
        ]
      }
    },
    {
      "type": "Feature",
      "geometry": {
        "type": "Point",
        "coordinates": [
          17.594694,
          44.236806
        ]
      },
      "properties": {
        "siteId": "TURBE-01",
        "name": "TURBE-01",
        "transmitters": [
          {
            "name": "TV FBiH - Turbe",
            "frequencyMhz": 623.25,
            "organization": "TV FBiH",
            "stationClass": "BT"
          },
          {
            "name": "BHT 1 - Turbe",
            "frequencyMhz": 203.25,
            "organization": "BHRT - BHT 1",
            "stationClass": "BT"
          }
        ]
      }
    },
    {
      "type": "Feature",
      "geometry": {
        "type": "Point",
        "coordinates": [
          17.500833,
          44.266111
        ]
      },
      "properties": {
        "siteId": "COSICI-02",
        "name": "COSICI-02",
        "transmitters": [
          {
            "name": "TV FBiH - Cosici",
            "frequencyMhz": 631.25,
            "organization": "TV FBiH",
            "stationClass": "BT"
          }
        ]
      }
    },
    {
      "type": "Feature",
      "geometry": {
        "type": "Point",
        "coordinates": [
          17.952667,
          44.258361
        ]
      },
      "properties": {
        "siteId": "GRACANICA-01",
        "name": "GRACANICA-01",
        "transmitters": [
          {
            "name": "TV FBiH - Gracanica",
            "frequencyMhz": 639.25,
            "organization": "TV FBiH",
            "stationClass": "BT"
          },
          {
            "name": "BHT 1 - Gracanica",
            "frequencyMhz": 175.25,
            "organization": "BHRT - BHT 1",
            "stationClass": "BT"
          }
        ]
      }
    },
    {
      "type": "Feature",
      "geometry": {
        "type": "Point",
        "coordinates": [
          17.929722,
          44.262917
        ]
      },
      "properties": {
        "siteId": "GRACANICA R-01",
        "name": "GRACANICA R-01",
        "transmitters": [
          {
            "name": "TV FBiH - Gracanica R",
            "frequencyMhz": 663.25,
            "organization": "TV FBiH",
            "stationClass": "BT"
          },
          {
            "name": "BHT 1 - Gracanica R",
            "frequencyMhz": 519.25,
            "organization": "BHRT - BHT 1",
            "stationClass": "BT"
          }
        ]
      }
    },
    {
      "type": "Feature",
      "geometry": {
        "type": "Point",
        "coordinates": [
          17.426861,
          44.205833
        ]
      },
      "properties": {
        "siteId": "OBORCI-01",
        "name": "OBORCI-01",
        "transmitters": [
          {
            "name": "TV FBiH - Oborci",
            "frequencyMhz": 687.25,
            "organization": "TV FBiH",
            "stationClass": "BT"
          },
          {
            "name": "BHT 1 - Oborci",
            "frequencyMhz": 655.25,
            "organization": "BHRT - BHT 1",
            "stationClass": "BT"
          }
        ]
      }
    },
    {
      "type": "Feature",
      "geometry": {
        "type": "Point",
        "coordinates": [
          17.292139,
          44.268417
        ]
      },
      "properties": {
        "siteId": "VINAC-01",
        "name": "VINAC-01",
        "transmitters": [
          {
            "name": "TV FBiH - Vinac",
            "frequencyMhz": 703.25,
            "organization": "TV FBiH",
            "stationClass": "BT"
          },
          {
            "name": "BHT 1 - Vinac",
            "frequencyMhz": 175.25,
            "organization": "BHRT - BHT 1",
            "stationClass": "BT"
          }
        ]
      }
    },
    {
      "type": "Feature",
      "geometry": {
        "type": "Point",
        "coordinates": [
          17.518528,
          44.271472
        ]
      },
      "properties": {
        "siteId": "SEFERI-01",
        "name": "SEFERI-01",
        "transmitters": [
          {
            "name": "TV FBiH - Seferi",
            "frequencyMhz": 711.25,
            "organization": "TV FBiH",
            "stationClass": "BT"
          }
        ]
      }
    },
    {
      "type": "Feature",
      "geometry": {
        "type": "Point",
        "coordinates": [
          17.784167,
          44.216667
        ]
      },
      "properties": {
        "siteId": "MOSOR-01",
        "name": "MOSOR-01",
        "transmitters": [
          {
            "name": "TV FBiH - Mosor",
            "frequencyMhz": 775.25,
            "organization": "TV FBiH",
            "stationClass": "BT"
          },
          {
            "name": "BHT 1 - Mosor",
            "frequencyMhz": 703.25,
            "organization": "BHRT - BHT 1",
            "stationClass": "BT"
          }
        ]
      }
    },
    {
      "type": "Feature",
      "geometry": {
        "type": "Point",
        "coordinates": [
          18.499167,
          44.66325
        ]
      },
      "properties": {
        "siteId": "DUBOKI POTOK-01",
        "name": "DUBOKI POTOK-01",
        "transmitters": [
          {
            "name": "Tv FBiH - Duboki Potok",
            "frequencyMhz": 655.25,
            "organization": "TV FBiH",
            "stationClass": "BT"
          },
          {
            "name": "BHT 1 - Duboki Potok",
            "frequencyMhz": 623.25,
            "organization": "BHRT - BHT 1",
            "stationClass": "BT"
          }
        ]
      }
    },
    {
      "type": "Feature",
      "geometry": {
        "type": "Point",
        "coordinates": [
          18.533056,
          44.703611
        ]
      },
      "properties": {
        "siteId": "STARI GRAD-01",
        "name": "STARI GRAD-01",
        "transmitters": [
          {
            "name": "TV FBiH - Stari Grad",
            "frequencyMhz": 719.25,
            "organization": "TV FBiH",
            "stationClass": "BT"
          },
          {
            "name": "BHT 1 - Stari grad Srebrenik 2",
            "frequencyMhz": 189.25,
            "organization": "BHRT - BHT 1",
            "stationClass": "BT"
          }
        ]
      }
    },
    {
      "type": "Feature",
      "geometry": {
        "type": "Point",
        "coordinates": [
          16.971556,
          43.814778
        ]
      },
      "properties": {
        "siteId": "RAPOVINE-01",
        "name": "RAPOVINE-01",
        "transmitters": [
          {
            "name": "TV FBiH - Rapovine",
            "frequencyMhz": 224.25,
            "organization": "TV FBiH",
            "stationClass": "BT"
          },
          {
            "name": "BHT 1 - Rapovine",
            "frequencyMhz": 511.25,
            "organization": "BHRT - BHT 1",
            "stationClass": "BT"
          }
        ]
      }
    },
    {
      "type": "Feature",
      "geometry": {
        "type": "Point",
        "coordinates": [
          17.201944,
          43.833889
        ]
      },
      "properties": {
        "siteId": "SUICA-01",
        "name": "SUICA-01",
        "transmitters": [
          {
            "name": "TV FBiH - Suica",
            "frequencyMhz": 519.25,
            "organization": "TV FBiH",
            "stationClass": "BT"
          },
          {
            "name": "BHT 1 - Suica",
            "frequencyMhz": 503.25,
            "organization": "BHRT - BHT 1",
            "stationClass": "BT"
          }
        ]
      }
    },
    {
      "type": "Feature",
      "geometry": {
        "type": "Point",
        "coordinates": [
          17.184444,
          43.533611
        ]
      },
      "properties": {
        "siteId": "VIR-01",
        "name": "VIR-01",
        "transmitters": [
          {
            "name": "TV FBiH - Vir-Posusje",
            "frequencyMhz": 711.25,
            "organization": "TV FBiH",
            "stationClass": "BT"
          }
        ]
      }
    },
    {
      "type": "Feature",
      "geometry": {
        "type": "Point",
        "coordinates": [
          17.281111,
          43.994167
        ]
      },
      "properties": {
        "siteId": "KUPRES-01",
        "name": "KUPRES-01",
        "transmitters": [
          {
            "name": "TV FBiH - Kupres",
            "frequencyMhz": 775.25,
            "organization": "TV FBiH",
            "stationClass": "BT"
          },
          {
            "name": "BHT 1 - Kupres",
            "frequencyMhz": 559.25,
            "organization": "BHRT - BHT 1",
            "stationClass": "BT"
          }
        ]
      }
    },
    {
      "type": "Feature",
      "geometry": {
        "type": "Point",
        "coordinates": [
          18.287667,
          44.054194
        ]
      },
      "properties": {
        "siteId": "VARDISTE-01",
        "name": "VARDISTE-01",
        "transmitters": [
          {
            "name": "TV FBiH - Vardiste",
            "frequencyMhz": 196.25,
            "organization": "TV FBiH",
            "stationClass": "BT"
          }
        ]
      }
    },
    {
      "type": "Feature",
      "geometry": {
        "type": "Point",
        "coordinates": [
          17.943333,
          43.918056
        ]
      },
      "properties": {
        "siteId": "KRIJESTOV BRIJEG-01",
        "name": "KRIJESTOV BRIJEG-01",
        "transmitters": [
          {
            "name": "TV FBiH - Krijestov Brijeg",
            "frequencyMhz": 210.25,
            "organization": "TV FBiH",
            "stationClass": "BT"
          },
          {
            "name": "BHT 1 - Krijestov Brijeg",
            "frequencyMhz": 175.25,
            "organization": "BHRT - BHT 1",
            "stationClass": "BT"
          }
        ]
      }
    },
    {
      "type": "Feature",
      "geometry": {
        "type": "Point",
        "coordinates": [
          17.583889,
          43.700833
        ]
      },
      "properties": {
        "siteId": "BOROVNIK-01",
        "name": "BOROVNIK-01",
        "transmitters": [
          {
            "name": "TV FBiH - Borovnik",
            "frequencyMhz": 471.25,
            "organization": "TV FBiH",
            "stationClass": "BT"
          },
          {
            "name": "BHT 1 - Borovnik",
            "frequencyMhz": 495.25,
            "organization": "BHRT - BHT 1",
            "stationClass": "BT"
          }
        ]
      }
    },
    {
      "type": "Feature",
      "geometry": {
        "type": "Point",
        "coordinates": [
          17.688611,
          43.733889
        ]
      },
      "properties": {
        "siteId": "RAT-02",
        "name": "RAT-02",
        "transmitters": [
          {
            "name": "TV FBiH - Rat",
            "frequencyMhz": 471.25,
            "organization": "TV FBiH",
            "stationClass": "BT"
          },
          {
            "name": "BHT 1 - Rat",
            "frequencyMhz": 623.25,
            "organization": "BHRT - BHT 1",
            "stationClass": "BT"
          }
        ]
      }
    },
    {
      "type": "Feature",
      "geometry": {
        "type": "Point",
        "coordinates": [
          18.306167,
          43.792139
        ]
      },
      "properties": {
        "siteId": "IGMAN-01",
        "name": "IGMAN-01",
        "transmitters": [
          {
            "name": "TV FBiH - Igman",
            "frequencyMhz": 487.25,
            "organization": "TV FBiH",
            "stationClass": "BT"
          }
        ]
      }
    },
    {
      "type": "Feature",
      "geometry": {
        "type": "Point",
        "coordinates": [
          18.179444,
          43.792944
        ]
      },
      "properties": {
        "siteId": "ZOVIK-01",
        "name": "ZOVIK-01",
        "transmitters": [
          {
            "name": "TV FBiH - Zovik",
            "frequencyMhz": 503.25,
            "organization": "TV FBiH",
            "stationClass": "BT"
          },
          {
            "name": "BHT 1 - Zovik",
            "frequencyMhz": 210.25,
            "organization": "BHRT - BHT 1",
            "stationClass": "BT"
          }
        ]
      }
    },
    {
      "type": "Feature",
      "geometry": {
        "type": "Point",
        "coordinates": [
          17.940944,
          44.060972
        ]
      },
      "properties": {
        "siteId": "KACUNI-01",
        "name": "KACUNI-01",
        "transmitters": [
          {
            "name": "TV FBiH - Kacuni",
            "frequencyMhz": 511.25,
            "organization": "TV FBiH",
            "stationClass": "BT"
          },
          {
            "name": "BHT 1 - Kacuni",
            "frequencyMhz": 203.25,
            "organization": "BHRT - BHT 1",
            "stationClass": "BT"
          }
        ]
      }
    },
    {
      "type": "Feature",
      "geometry": {
        "type": "Point",
        "coordinates": [
          18.021111,
          43.855833
        ]
      },
      "properties": {
        "siteId": "VRANCI-01",
        "name": "VRANCI-01",
        "transmitters": [
          {
            "name": "TV FBiH - Vranci",
            "frequencyMhz": 527.25,
            "organization": "TV FBiH",
            "stationClass": "BT"
          },
          {
            "name": "BHT 1 - Vranci",
            "frequencyMhz": 503.25,
            "organization": "BHRT - BHT 1",
            "stationClass": "BT"
          }
        ]
      }
    },
    {
      "type": "Feature",
      "geometry": {
        "type": "Point",
        "coordinates": [
          17.766944,
          43.650833
        ]
      },
      "properties": {
        "siteId": "KRIZ-01",
        "name": "KRIZ-01",
        "transmitters": [
          {
            "name": "TV FBiH - Kriz",
            "frequencyMhz": 559.25,
            "organization": "TV FBiH",
            "stationClass": "BT"
          },
          {
            "name": "BHT 1 - Kriz",
            "frequencyMhz": 503.25,
            "organization": "BHRT - BHT 1",
            "stationClass": "BT"
          }
        ]
      }
    },
    {
      "type": "Feature",
      "geometry": {
        "type": "Point",
        "coordinates": [
          17.555,
          43.634167
        ]
      },
      "properties": {
        "siteId": "MASNA LUKA-01",
        "name": "MASNA LUKA-01",
        "transmitters": [
          {
            "name": "TV FBiH - Masna luka",
            "frequencyMhz": 575.25,
            "organization": "TV FBiH",
            "stationClass": "BT"
          },
          {
            "name": "BHT 1 - Masna luka",
            "frequencyMhz": 527.25,
            "organization": "BHRT - BHT 1",
            "stationClass": "BT"
          },
          {
            "name": "TV FBiH - Masna luka",
            "frequencyMhz": 551.25,
            "organization": "TV FBiH",
            "stationClass": "BT"
          }
        ]
      }
    },
    {
      "type": "Feature",
      "geometry": {
        "type": "Point",
        "coordinates": [
          17.634444,
          43.776389
        ]
      },
      "properties": {
        "siteId": "LUG-01",
        "name": "LUG-01",
        "transmitters": [
          {
            "name": "TV FBiH - Lug",
            "frequencyMhz": 599.25,
            "organization": "TV FBiH",
            "stationClass": "BT"
          },
          {
            "name": "BHT 1 - Lug",
            "frequencyMhz": 543.25,
            "organization": "BHRT - BHT 1",
            "stationClass": "BT"
          }
        ]
      }
    },
    {
      "type": "Feature",
      "geometry": {
        "type": "Point",
        "coordinates": [
          18.448694,
          43.681222
        ]
      },
      "properties": {
        "siteId": "GRADINA TRNOVO-01",
        "name": "GRADINA TRNOVO-01",
        "transmitters": [
          {
            "name": "TV FBiH - Gradina Trnovo",
            "frequencyMhz": 615.25,
            "organization": "TV FBiH",
            "stationClass": "BT"
          },
          {
            "name": "BHT 1 - Gradina Trnovo",
            "frequencyMhz": 182.25,
            "organization": "BHRT - BHT 1",
            "stationClass": "BT"
          }
        ]
      }
    },
    {
      "type": "Feature",
      "geometry": {
        "type": "Point",
        "coordinates": [
          18.041417,
          44.218139
        ]
      },
      "properties": {
        "siteId": "BRIZNIK-01",
        "name": "BRIZNIK-01",
        "transmitters": [
          {
            "name": "TV FBiH - Briznik",
            "frequencyMhz": 647.25,
            "organization": "TV FBiH",
            "stationClass": "BT"
          },
          {
            "name": "BHT 1 - Briznik",
            "frequencyMhz": 495.25,
            "organization": "BHRT - BHT 1",
            "stationClass": "BT"
          }
        ]
      }
    },
    {
      "type": "Feature",
      "geometry": {
        "type": "Point",
        "coordinates": [
          17.942222,
          44.124444
        ]
      },
      "properties": {
        "siteId": "LASVA-01",
        "name": "LASVA-01",
        "transmitters": [
          {
            "name": "TV FBiH - Lastva",
            "frequencyMhz": 687.25,
            "organization": "TV FBiH",
            "stationClass": "BT"
          }
        ]
      }
    },
    {
      "type": "Feature",
      "geometry": {
        "type": "Point",
        "coordinates": [
          17.900556,
          44.116944
        ]
      },
      "properties": {
        "siteId": "SKRADNO-01",
        "name": "SKRADNO-01",
        "transmitters": [
          {
            "name": "TV FBiH - Skradno",
            "frequencyMhz": 695.25,
            "organization": "TV FBiH",
            "stationClass": "BT"
          },
          {
            "name": "BHT 1 - Skradno",
            "frequencyMhz": 196.25,
            "organization": "BHRT - BHT 1",
            "stationClass": "BT"
          }
        ]
      }
    },
    {
      "type": "Feature",
      "geometry": {
        "type": "Point",
        "coordinates": [
          17.694167,
          43.734722
        ]
      },
      "properties": {
        "siteId": "SKRABONOS-01",
        "name": "SKRABONOS-01",
        "transmitters": [
          {
            "name": "TV FBiH - Skrabonos",
            "frequencyMhz": 711.25,
            "organization": "TV FBiH",
            "stationClass": "BT"
          },
          {
            "name": "BHT 1 - Skrabonos",
            "frequencyMhz": 519.25,
            "organization": "BHRT - BHT 1",
            "stationClass": "BT"
          }
        ]
      }
    },
    {
      "type": "Feature",
      "geometry": {
        "type": "Point",
        "coordinates": [
          17.642222,
          43.698611
        ]
      },
      "properties": {
        "siteId": "KRKACA-01",
        "name": "KRKACA-01",
        "transmitters": [
          {
            "name": "TV FBiH - Krkaca",
            "frequencyMhz": 751.25,
            "organization": "TV FBiH",
            "stationClass": "BT"
          },
          {
            "name": "BHT 1 - Krkaca",
            "frequencyMhz": 719.25,
            "organization": "BHRT - BHT 1",
            "stationClass": "BT"
          }
        ]
      }
    },
    {
      "type": "Feature",
      "geometry": {
        "type": "Point",
        "coordinates": [
          18.941306,
          43.613056
        ]
      },
      "properties": {
        "siteId": "MRAVINJAC-01",
        "name": "MRAVINJAC-01",
        "transmitters": [
          {
            "name": "TV FBiH - Mravinjac",
            "frequencyMhz": 543.25,
            "organization": "TV FBiH",
            "stationClass": "BT"
          },
          {
            "name": "BHT 1 - Mravinjac",
            "frequencyMhz": 175.25,
            "organization": "BHRT - BHT 1",
            "stationClass": "BT"
          }
        ]
      }
    },
    {
      "type": "Feature",
      "geometry": {
        "type": "Point",
        "coordinates": [
          17.553889,
          43.426444
        ]
      },
      "properties": {
        "siteId": "CRNAC-01",
        "name": "CRNAC-01",
        "transmitters": [
          {
            "name": "TV FBiH - Crnac",
            "frequencyMhz": 535.25,
            "organization": "TV FBiH",
            "stationClass": "BT"
          },
          {
            "name": "BHT 1 - Crnac",
            "frequencyMhz": 503.25,
            "organization": "BHRT - BHT 1",
            "stationClass": "BT"
          }
        ]
      }
    },
    {
      "type": "Feature",
      "geometry": {
        "type": "Point",
        "coordinates": [
          17.958611,
          43.086944
        ]
      },
      "properties": {
        "siteId": "LUKE-01",
        "name": "LUKE-01",
        "transmitters": [
          {
            "name": "TV FBiH - Luke",
            "frequencyMhz": 559.25,
            "organization": "TV FBiH",
            "stationClass": "BT"
          },
          {
            "name": "BHT 1 - Luke",
            "frequencyMhz": 224.25,
            "organization": "BHRT - BHT 1",
            "stationClass": "BT"
          }
        ]
      }
    },
    {
      "type": "Feature",
      "geometry": {
        "type": "Point",
        "coordinates": [
          17.8875,
          43.250556
        ]
      },
      "properties": {
        "siteId": "M.GOMILA-01",
        "name": "M.GOMILA-01",
        "transmitters": [
          {
            "name": "TV FBiH - M.Gomila",
            "frequencyMhz": 599.25,
            "organization": "TV FBiH",
            "stationClass": "BT"
          },
          {
            "name": "BHT 1 - M.Gomila",
            "frequencyMhz": 567.25,
            "organization": "BHRT - BHT 1",
            "stationClass": "BT"
          }
        ]
      }
    },
    {
      "type": "Feature",
      "geometry": {
        "type": "Point",
        "coordinates": [
          17.052333,
          43.343
        ]
      },
      "properties": {
        "siteId": "BIOKOVO",
        "name": "BIOKOVO",
        "transmitters": [
          {
            "name": "TV FBiH - Biokovo",
            "frequencyMhz": 615.25,
            "organization": "TV FBiH",
            "stationClass": "BT"
          }
        ]
      }
    },
    {
      "type": "Feature",
      "geometry": {
        "type": "Point",
        "coordinates": [
          17.807722,
          42.951472
        ]
      },
      "properties": {
        "siteId": "GRADINA HUTOVO-01",
        "name": "GRADINA HUTOVO-01",
        "transmitters": [
          {
            "name": "TV FBiH - Gradina Hutovo",
            "frequencyMhz": 639.25,
            "organization": "TV FBiH",
            "stationClass": "BT"
          },
          {
            "name": "BHT 1 - Gradina Hutovo",
            "frequencyMhz": 175.25,
            "organization": "BHRT - BHT 1",
            "stationClass": "BT"
          }
        ]
      }
    },
    {
      "type": "Feature",
      "geometry": {
        "type": "Point",
        "coordinates": [
          17.788333,
          43.208889
        ]
      },
      "properties": {
        "siteId": "ZITOMISLICI-01",
        "name": "ZITOMISLICI-01",
        "transmitters": [
          {
            "name": "TV FBiH - Zitomislici",
            "frequencyMhz": 727.25,
            "organization": "TV FBiH",
            "stationClass": "BT"
          },
          {
            "name": "BHT 1 - Zitomislici",
            "frequencyMhz": 599.25,
            "organization": "BHRT - BHT 1",
            "stationClass": "BT"
          }
        ]
      }
    },
    {
      "type": "Feature",
      "geometry": {
        "type": "Point",
        "coordinates": [
          16.719639,
          45.14575
        ]
      },
      "properties": {
        "siteId": "BREKINJA-01",
        "name": "BREKINJA-01",
        "transmitters": [
          {
            "name": "BHT 1 - Brekinja",
            "frequencyMhz": 607.25,
            "organization": "BHRT - BHT 1",
            "stationClass": "BT"
          }
        ]
      }
    },
    {
      "type": "Feature",
      "geometry": {
        "type": "Point",
        "coordinates": [
          16.659444,
          45.096667
        ]
      },
      "properties": {
        "siteId": "KNEZICA-01",
        "name": "KNEZICA-01",
        "transmitters": [
          {
            "name": "BHT 1 - Knezica",
            "frequencyMhz": 711.25,
            "organization": "BHRT - BHT 1",
            "stationClass": "BT"
          }
        ]
      }
    },
    {
      "type": "Feature",
      "geometry": {
        "type": "Point",
        "coordinates": [
          17.183194,
          44.368306
        ]
      },
      "properties": {
        "siteId": "MILANOVICI-01",
        "name": "MILANOVICI-01",
        "transmitters": [
          {
            "name": "BHT 1 - Milanovici",
            "frequencyMhz": 551.25,
            "organization": "BHRT - BHT 1",
            "stationClass": "BT"
          }
        ]
      }
    },
    {
      "type": "Feature",
      "geometry": {
        "type": "Point",
        "coordinates": [
          17.729417,
          44.312444
        ]
      },
      "properties": {
        "siteId": "GLUHA BUKOVICA-01",
        "name": "GLUHA BUKOVICA-01",
        "transmitters": [
          {
            "name": "BHT 1 - Gluha Bukovica",
            "frequencyMhz": 711.25,
            "organization": "BHRT - BHT 1",
            "stationClass": "BT"
          }
        ]
      }
    },
    {
      "type": "Feature",
      "geometry": {
        "type": "Point",
        "coordinates": [
          18.533056,
          44.703611
        ]
      },
      "properties": {
        "siteId": "STARI GRAD-02",
        "name": "STARI GRAD-02",
        "transmitters": [
          {
            "name": "BHT 1 - Stari grad Srebrenik",
            "frequencyMhz": 175.25,
            "organization": "BHRT - BHT 1",
            "stationClass": "BT"
          }
        ]
      }
    },
    {
      "type": "Feature",
      "geometry": {
        "type": "Point",
        "coordinates": [
          19.529111,
          43.985944
        ]
      },
      "properties": {
        "siteId": "SKELANI-01",
        "name": "SKELANI-01",
        "transmitters": [
          {
            "name": "BHT 1 - Skelani",
            "frequencyMhz": 551.25,
            "organization": "BHRT - BHT 1",
            "stationClass": "BT"
          }
        ]
      }
    },
    {
      "type": "Feature",
      "geometry": {
        "type": "Point",
        "coordinates": [
          17.161972,
          44.745028
        ]
      },
      "properties": {
        "siteId": "BANJ BRDO-01",
        "name": "BANJ BRDO-01",
        "transmitters": [
          {
            "name": "BHT 1 - Banj Brdo",
            "frequencyMhz": 615.25,
            "organization": "BHRT - BHT 1",
            "stationClass": "BT"
          }
        ]
      }
    },
    {
      "type": "Feature",
      "geometry": {
        "type": "Point",
        "coordinates": [
          17.161833,
          44.622583
        ]
      },
      "properties": {
        "siteId": "KRUPA NA VRBASU-01",
        "name": "KRUPA NA VRBASU-01",
        "transmitters": [
          {
            "name": "BHT 1 - Krupa na Vrbasu",
            "frequencyMhz": 631.25,
            "organization": "BHRT - BHT 1",
            "stationClass": "BT"
          }
        ]
      }
    },
    {
      "type": "Feature",
      "geometry": {
        "type": "Point",
        "coordinates": [
          17.8,
          44.133333
        ]
      },
      "properties": {
        "siteId": "KRUSCICA VITEZ-01",
        "name": "KRUSCICA VITEZ-01",
        "transmitters": [
          {
            "name": "BHT 1 - Kruscica-Vitez",
            "frequencyMhz": 511.25,
            "organization": "BHRT - BHT 1",
            "stationClass": "BT"
          }
        ]
      }
    },
    {
      "type": "Feature",
      "geometry": {
        "type": "Point",
        "coordinates": [
          17.952667,
          44.258361
        ]
      },
      "properties": {
        "siteId": "GRACNICA M-01",
        "name": "GRACNICA M-01",
        "transmitters": [
          {
            "name": "BHT 1 - Gracanica M",
            "frequencyMhz": 575.25,
            "organization": "BHRT - BHT 1",
            "stationClass": "BT"
          }
        ]
      }
    },
    {
      "type": "Feature",
      "geometry": {
        "type": "Point",
        "coordinates": [
          18.503944,
          44.522667
        ]
      },
      "properties": {
        "siteId": "LUKAVAC-01",
        "name": "LUKAVAC-01",
        "transmitters": [
          {
            "name": "BHT 1 - Lukavac",
            "frequencyMhz": 196.25,
            "organization": "BHRT - BHT 1",
            "stationClass": "BT"
          }
        ]
      }
    },
    {
      "type": "Feature",
      "geometry": {
        "type": "Point",
        "coordinates": [
          18.665278,
          44.778972
        ]
      },
      "properties": {
        "siteId": "MAOCA-01",
        "name": "MAOCA-01",
        "transmitters": [
          {
            "name": "BHT 1 - Maoca",
            "frequencyMhz": 623.25,
            "organization": "BHRT - BHT 1",
            "stationClass": "BT"
          }
        ]
      }
    },
    {
      "type": "Feature",
      "geometry": {
        "type": "Point",
        "coordinates": [
          18.287667,
          44.220861
        ]
      },
      "properties": {
        "siteId": "DABRAVINE-01",
        "name": "DABRAVINE-01",
        "transmitters": [
          {
            "name": "BHT 1 - Dabravine",
            "frequencyMhz": 175.25,
            "organization": "BHRT - BHT 1",
            "stationClass": "BT"
          }
        ]
      }
    },
    {
      "type": "Feature",
      "geometry": {
        "type": "Point",
        "coordinates": [
          18.123111,
          44.129944
        ]
      },
      "properties": {
        "siteId": "DRAGICI-01",
        "name": "DRAGICI-01",
        "transmitters": [
          {
            "name": "BHT 1 - Dragici",
            "frequencyMhz": 175.25,
            "organization": "BHRT - BHT 1",
            "stationClass": "BT"
          }
        ]
      }
    },
    {
      "type": "Feature",
      "geometry": {
        "type": "Point",
        "coordinates": [
          18.456444,
          44.261694
        ]
      },
      "properties": {
        "siteId": "KAMENSKO-01",
        "name": "KAMENSKO-01",
        "transmitters": [
          {
            "name": "BHT 1 - Kamensko",
            "frequencyMhz": 182.25,
            "organization": "BHRT - BHT 1",
            "stationClass": "BT"
          }
        ]
      }
    },
    {
      "type": "Feature",
      "geometry": {
        "type": "Point",
        "coordinates": [
          18.554833,
          44.189778
        ]
      },
      "properties": {
        "siteId": "SOLUN KIK-01",
        "name": "SOLUN KIK-01",
        "transmitters": [
          {
            "name": "BHT 1 - Solun Kik",
            "frequencyMhz": 210.25,
            "organization": "BHRT - BHT 1",
            "stationClass": "BT"
          }
        ]
      }
    },
    {
      "type": "Feature",
      "geometry": {
        "type": "Point",
        "coordinates": [
          18.382806,
          43.982111
        ]
      },
      "properties": {
        "siteId": "LJUBINA-01",
        "name": "LJUBINA-01",
        "transmitters": [
          {
            "name": "BHT 1 - Ljubina",
            "frequencyMhz": 495.25,
            "organization": "BHRT - BHT 1",
            "stationClass": "BT"
          }
        ]
      }
    },
    {
      "type": "Feature",
      "geometry": {
        "type": "Point",
        "coordinates": [
          17.968889,
          44.157472
        ]
      },
      "properties": {
        "siteId": "JANJICI-01",
        "name": "JANJICI-01",
        "transmitters": [
          {
            "name": "BHT 1 - Janjici",
            "frequencyMhz": 671.25,
            "organization": "BHRT - BHT 1",
            "stationClass": "BT"
          }
        ]
      }
    },
    {
      "type": "Feature",
      "geometry": {
        "type": "Point",
        "coordinates": [
          18.349389,
          43.847139
        ]
      },
      "properties": {
        "siteId": "RTV DOM-01",
        "name": "RTV DOM-01",
        "transmitters": [
          {
            "name": "BHT 1 - RTV dom",
            "frequencyMhz": 735.25,
            "organization": "BHRT - BHT 1",
            "stationClass": "BT"
          }
        ]
      }
    },
    {
      "type": "Feature",
      "geometry": {
        "type": "Point",
        "coordinates": [
          18.766611,
          43.514083
        ]
      },
      "properties": {
        "siteId": "FOCA-01",
        "name": "FOCA-01",
        "transmitters": [
          {
            "name": "BHT 1 - Foca",
            "frequencyMhz": 567.25,
            "organization": "BHRT - BHT 1",
            "stationClass": "BT"
          }
        ]
      }
    },
    {
      "type": "Feature",
      "geometry": {
        "type": "Point",
        "coordinates": [
          16.714722,
          44.975
        ]
      },
      "properties": {
        "siteId": "VAT JEDINICA PRIJEDOR-01",
        "name": "VAT JEDINICA PRIJEDOR-01",
        "transmitters": [
          {
            "name": "RO RK Kozara - Prijedor",
            "frequencyMhz": 145,
            "organization": "SRRS - Radioamaterski klub 'Koza",
            "stationClass": "AT"
          }
        ]
      }
    },
    {
      "type": "Feature",
      "geometry": {
        "type": "Point",
        "coordinates": [
          18.117222,
          43.889444
        ]
      },
      "properties": {
        "siteId": "Kiseljak, Ćubren",
        "name": "Kiseljak, Ćubren",
        "transmitters": [
          {
            "name": "R2 ARA u BIH Kiseljak",
            "frequencyMhz": 145.65,
            "organization": "Asocijacija radioamatera u BiH",
            "stationClass": "AT"
          }
        ]
      }
    },
    {
      "type": "Feature",
      "geometry": {
        "type": "Point",
        "coordinates": [
          17.636111,
          44.293889
        ]
      },
      "properties": {
        "siteId": "R3 ARA u BIH Vlašić",
        "name": "R3 ARA u BIH Vlašić",
        "transmitters": [
          {
            "name": "R3 ARA u BIH Vlašić",
            "frequencyMhz": 145.67,
            "organization": "Asocijacija radioamatera u BiH",
            "stationClass": "AT"
          }
        ]
      }
    },
    {
      "type": "Feature",
      "geometry": {
        "type": "Point",
        "coordinates": [
          18.545833,
          44.302222
        ]
      },
      "properties": {
        "siteId": "Konjuh",
        "name": "Konjuh",
        "transmitters": [
          {
            "name": "R4 ARA u BIH Konjuh",
            "frequencyMhz": 145.7,
            "organization": "Asocijacija radioamatera u BiH",
            "stationClass": "AT"
          }
        ]
      }
    },
    {
      "type": "Feature",
      "geometry": {
        "type": "Point",
        "coordinates": [
          17.759444,
          43.571111
        ]
      },
      "properties": {
        "siteId": "Mostar, Velika Vidova",
        "name": "Mostar, Velika Vidova",
        "transmitters": [
          {
            "name": "R5 ARA u BIH Mostar",
            "frequencyMhz": 145.72,
            "organization": "Asocijacija radioamatera u BiH",
            "stationClass": "AT"
          }
        ]
      }
    },
    {
      "type": "Feature",
      "geometry": {
        "type": "Point",
        "coordinates": [
          17.62,
          43.6
        ]
      },
      "properties": {
        "siteId": "Čvrsnica, Pločno",
        "name": "Čvrsnica, Pločno",
        "transmitters": [
          {
            "name": "R1 ZRHB Čvrsnica",
            "frequencyMhz": 145.62,
            "organization": "Zajednica radioam. Herceg Bosne",
            "stationClass": "AT"
          },
          {
            "name": "RU1 ZRHB Čvrsnica",
            "frequencyMhz": 434.62,
            "organization": "Zajednica radioam. Herceg Bosne",
            "stationClass": "AT"
          }
        ]
      }
    },
    {
      "type": "Feature",
      "geometry": {
        "type": "Point",
        "coordinates": [
          18.656222,
          44.613306
        ]
      },
      "properties": {
        "siteId": "BRESKE-01",
        "name": "BRESKE-01",
        "transmitters": [
          {
            "name": "Zavicajni radio Breske - Breske",
            "frequencyMhz": 92.4,
            "organization": "Zavičajni Radio - Breške",
            "serviceType": "FM Broadcasting",
            "stationClass": "BC"
          }
        ]
      }
    },
    {
      "type": "Feature",
      "geometry": {
        "type": "Point",
        "coordinates": [
          15.943278,
          44.956944
        ]
      },
      "properties": {
        "siteId": "SEPICI-01",
        "name": "SEPICI-01",
        "transmitters": [
          {
            "name": "Novi radio - Sepici",
            "frequencyMhz": 105.8,
            "organization": "Novi radio",
            "serviceType": "FM Broadcasting",
            "stationClass": "BC"
          }
        ]
      }
    },
    {
      "type": "Feature",
      "geometry": {
        "type": "Point",
        "coordinates": [
          17.738944,
          44.215
        ]
      },
      "properties": {
        "siteId": "GRADAC-NOVA BILLA-01",
        "name": "GRADAC-NOVA BILLA-01",
        "transmitters": [
          {
            "name": "Drukciji radio - Gradac - Nova Bila",
            "frequencyMhz": 95.5,
            "organization": "Drukčiji radio",
            "serviceType": "FM Broadcasting",
            "stationClass": "BC"
          }
        ]
      }
    }
  ]
}
